model,prune_ratio,seed,val_R_base,val_R_floor,tau_star,val_min_star,test_min_star,test_margin_star_pp,passed_star,macro_prec_star,test_min_25,test_margin_25_pp,yawn_ap50,hom_ap50,drink_ap50,phone_ap50,min_ap50,mAP50,shift_component_pp,selection_penalty_pp
yolo11n,0%,0,0.8703703703703703,0.8203703703703703,0.49472,0.8333333333333334,0.8390342052313883,1.866383486101797,True,0.8236474939994523,0.8672032193158954,4.683284894552509,0.9221005491408409,0.9129282325833559,0.9196390871894433,0.9532423952606645,0.9129282325833559,0.9269775660435762,4.683284894552509,-2.8169014084507116
yolo11n,0%,1,0.8125,0.7625,0.75582,0.78125,0.2727272727272727,-48.97727272727273,False,0.9630060462670873,0.8551307847082495,9.26307847082496,0.9144546850998462,0.9375398003176766,0.9679506439688054,0.9508107416121196,0.9144546850998462,0.942688967749612,9.26307847082496,-58.240351198097684
yolo11n,0%,2,0.8333333333333334,0.7833333333333333,0.7152,0.7962962962962963,0.5454545454545454,-23.787878787878793,False,0.9061700720439548,0.8631790744466801,7.984574111334675,0.936845220139338,0.9191048580734489,0.9653878511616849,0.954491886112228,0.9191048580734489,0.943957453871675,7.984574111334675,-31.772452899213466
yolo11n,0%,3,0.8518518518518519,0.8018518518518518,0.73475,0.8125,0.6639839034205232,-13.786794843132865,False,0.952477492387131,0.8551307847082495,5.327893285639773,0.926081585081585,0.9301293447293447,0.9586927564300999,0.9461678812769807,0.926081585081585,0.9402678918795025,5.327893285639773,-19.114688128772638
yolo11n,0%,4,0.8125,0.7625,0.764,0.7777777777777778,0.5454545454545454,-21.704545454545453,False,0.948616298811545,0.8832997987927566,12.07997987927566,0.9425176739198798,0.9377065427993059,0.981948403305684,0.9526131815327172,0.9377065427993059,0.9536964503893968,12.07997987927566,-33.784525333821115
yolo11n,10%,0,0.84375,0.79375,0.68107,0.7962962962962963,0.48484848484848486,-30.89015151515151,False,0.950475869430867,0.8209255533199196,2.717555331991961,0.9332102879535965,0.9243303889582578,0.9720124058206672,0.9202566098854166,0.9202566098854166,0.9374524231544845,2.717555331991961,-33.60770684714347
yolo11n,10%,1,0.8333333333333334,0.7833333333333333,0.73971,0.7962962962962963,0.5757575757575758,-20.75757575757575,False,0.9256118881118882,0.8289738430583501,4.5640509725016765,0.9237490058784629,0.918234563849668,0.9789396097130652,0.9355241108156078,0.918234563849668,0.9391118225642009,4.5640509725016765,-25.32162673007743
yolo11n,10%,2,0.8518518518518519,0.8018518518518518,0.67483,0.8125,0.6666666666666666,-13.518518518518519,False,0.9272582697201018,0.8631790744466801,6.132722259482826,0.9320145348052322,0.9455956147264482,0.983283438694239,0.9524614376411601,0.9320145348052322,0.9533387564667699,6.132722259482826,-19.651240778001345
yolo11n,20%,0,0.875,0.825,0.42078,0.84375,0.806841046277666,-1.8158953722334004,False,0.8617388608911654,0.8350100603621731,1.0010060362173112,0.9431623931623931,0.9227371053189235,0.9796980826603455,0.9355826154029876,0.9227371053189235,0.9452950491361625,1.0010060362173112,-2.8169014084507116
yolo11n,20%,1,0.875,0.825,0.3511,0.84375,0.8350100603621731,1.0010060362173112,True,0.8375374625374625,0.8511066398390342,2.6106639839034274,0.9189834586466167,0.9460803685776991,0.9686516007532956,0.9523637437794586,0.9189834586466167,0.9465197929392675,2.6106639839034274,-1.6096579476861161
yolo11n,20%,2,0.84375,0.79375,0.6695,0.8125,0.6363636363636364,-15.73863636363636,False,0.9170935159183551,0.8350100603621731,4.126006036217311,0.9406095336502313,0.9038740123171936,0.9612624816221514,0.93689163735949,0.9038740123171936,0.9356594162372667,4.126006036217311,-19.864642399853672
yolo11n,30%,0,0.84375,0.79375,0.70903,0.8125,0.5454545454545454,-24.829545454545453,False,0.9112343305763763,0.8148893360160966,2.1139336016096633,0.9184992585753455,0.9233925041151395,0.9558440568726626,0.9147016631474052,0.9147016631474052,0.9281093706776382,2.1139336016096633,-26.943479056155116
yolo11n,30%,1,0.8125,0.7625,0.76023,0.7666666666666667,0.5454545454545454,-21.704545454545453,False,0.9655145979805944,0.8490945674044266,8.65945674044266,0.9262267500419674,0.9181180066652639,0.976957696199223,0.9448739080827822,0.9181180066652639,0.9415440902473091,8.65945674044266,-30.364002194988117
yolo11n,30%,2,0.8333333333333334,0.7833333333333333,0.65301,0.7962962962962963,0.7424547283702213,-4.087860496311202,False,0.9270744206773618,0.8430583501006036,5.972501676727027,0.9242460881934565,0.8995694795753748,0.9793194336712588,0.9418268439676789,0.8995694795753748,0.9362404613519422,5.972501676727027,-10.060362173038229
yolo11n,40%,0,0.8125,0.7625,0.67532,0.7777777777777778,0.5757575757575758,-18.674242424242415,False,0.9292610486945838,0.8430583501006036,8.055835010060363,0.909226275879293,0.9262316721147013,0.9609031058341402,0.9406970391396712,0.909226275879293,0.9342645232419514,8.055835010060363,-26.73007743430278
yolo11n,40%,1,0.84375,0.79375,0.74921,0.8125,0.6060606060606061,-18.768939393939387,False,0.9632552893116273,0.8611670020120724,6.741700201207246,0.9272595347063312,0.8958563563750468,0.9715931572830748,0.9384975347097848,0.8958563563750468,0.9333016457685595,6.741700201207246,-25.510639595146635
yolo11n,40%,2,0.8333333333333334,0.7833333333333333,0.70374,0.7962962962962963,0.6666666666666666,-11.66666666666667,False,0.914028144239226,0.8289738430583501,4.5640509725016765,0.9445568155111634,0.9558077922077923,0.9477954907075724,0.9318074405088946,0.9318074405088946,0.9449918847338558,4.5640509725016765,-16.230717639168347
yolo11n,50%,0,0.84375,0.79375,0.69022,0.8125,0.30303030303030304,-49.07196969696969,False,0.8876387520368368,0.8913480885311871,9.759808853118713,0.8998293403191236,0.8909041523153461,0.97261602568866,0.9499230164210368,0.8909041523153461,0.9283181336860418,9.759808853118713,-58.83177855008841
yolo11n,50%,1,0.8125,0.7625,0.69426,0.7666666666666667,0.2727272727272727,-48.97727272727273,False,0.9247828691224917,0.8470824949698189,8.458249496981896,0.9180354205515495,0.9040711588142524,0.964006252540542,0.9506520387924139,0.9040711588142524,0.9341912176746895,8.458249496981896,-57.43552222425462
yolo11n,50%,2,0.84375,0.79375,0.52684,0.7962962962962963,0.696969696969697,-9.678030303030294,False,0.8930891476944108,0.8350100603621731,4.126006036217311,0.9361976766633742,0.9233355888093687,0.9673769727338677,0.9261215814072912,0.9233355888093687,0.9382579549034755,4.126006036217311,-13.804036339247606
yolo26n,0%,0,0.84375,0.79375,0.46751,0.8125,0.8008048289738431,0.705482897384313,True,0.8927310759128548,0.8289738430583501,3.5223843058350135,0.8720109373398998,0.8747154071734714,0.9640415740991061,0.9272600159804134,0.8720109373398998,0.9095069836482227,3.5223843058350135,-2.8169014084507005
yolo26n,0%,1,0.84375,0.79375,0.61192,0.8,0.5757575757575758,-21.799242424242415,False,0.9058064081633759,0.8484848484848485,5.473484848484855,0.8506743877268493,0.9168762477718359,0.9900028825790258,0.9470744455107865,0.8506743877268493,0.9261569908971243,5.473484848484855,-27.27272727272727
yolo26n,0%,2,0.8518518518518519,0.8018518518518518,0.47203,0.8125,0.7575757575757576,-4.427609427609425,False,0.8823729156642299,0.8181818181818182,1.6329966329966417,0.9180666662329043,0.9241479885261151,0.9839057017543859,0.9454858471788041,0.9180666662329043,0.9429015509230524,1.6329966329966417,-6.060606060606066
yolo26n,10%,0,0.8518518518518519,0.8018518518518518,0.72404,0.8148148148148148,0.6363636363636364,-16.548821548821547,False,0.9268047177327566,0.8181818181818182,1.6329966329966417,0.8794874514286409,0.9282580659197431,0.9585506492420578,0.9303062031621585,0.8794874514286409,0.9241505924381501,1.6329966329966417,-18.181818181818187
yolo26n,10%,1,0.875,0.825,0.47966,0.8333333333333334,0.6060606060606061,-21.893939393939387,False,0.908385771550766,0.7575757575757576,-6.742424242424239,0.8725053894082793,0.9036431305536569,0.9664016595413027,0.929348950223675,0.8725053894082793,0.9179747824317285,-6.742424242424239,-15.151515151515149
yolo26n,10%,2,0.84375,0.79375,0.55309,0.7962962962962963,0.6060606060606061,-18.768939393939387,False,0.8912503573470554,0.7878787878787878,-0.587121212121211,0.8953360515920861,0.869869798151292,0.9711448393712909,0.9512267936177964,0.869869798151292,0.9218943706831164,-0.587121212121211,-18.181818181818176
yolo26n,20%,0,0.8333333333333334,0.7833333333333333,0.75908,0.8125,0.5757575757575758,-20.75757575757575,False,0.9435526315789473,0.7272727272727273,-5.606060606060604,0.8756252319710459,0.8747563946781186,0.9716586891462237,0.949343417251653,0.8747563946781186,0.9178459332617603,-5.606060606060604,-15.151515151515149
yolo26n,20%,1,0.8666666666666667,0.8166666666666667,0.4031,0.84375,0.7575757575757576,-5.909090909090908,False,0.8765769063889793,0.8484848484848485,3.1818181818181857,0.8475253942566446,0.9160003362042963,0.9811391547049442,0.9450074235705698,0.8475253942566446,0.9224180771841137,3.1818181818181857,-9.090909090909093
yolo26n,20%,2,0.7962962962962963,0.7462962962962962,0.5862,0.7666666666666667,0.6363636363636364,-10.993265993265988,False,0.8958034306310945,0.7878787878787878,4.158249158249161,0.8655347353984914,0.9126172161172159,0.9855132559348466,0.9322181973968763,0.8655347353984914,0.9239708512118576,4.158249158249161,-15.151515151515149
yolo26n,30%,0,0.84375,0.79375,0.71665,0.8125,0.5454545454545454,-24.829545454545453,False,0.9533693628578312,0.7575757575757576,-3.6174242424242387,0.8570545481260263,0.9233132490980778,0.9775672536494454,0.9241992572041252,0.8570545481260263,0.9205335770194187,-3.6174242424242387,-21.212121212121215
yolo26n,30%,1,0.84375,0.79375,0.51045,0.8125,0.7272727272727273,-6.647727272727266,False,0.9149575539027871,0.8350100603621731,4.126006036217311,0.8554370010129022,0.91925810525955,0.978948293416016,0.941565406711937,0.8554370010129022,0.9238022016001013,4.126006036217311,-10.773733308944578
yolo26n,30%,2,0.8333333333333334,0.7833333333333333,0.36498,0.8125,0.696969696969697,-8.636363636363631,False,0.8357315039105984,0.696969696969697,-8.636363636363631,0.8662542656860402,0.9447230057521987,0.978821400293255,0.9316735905895208,0.8662542656860402,0.9303680655802536,-8.636363636363631,0.0
yolo26n,40%,0,0.875,0.825,0.52337,0.84375,0.6666666666666666,-15.833333333333332,False,0.889570894037099,0.8470824949698189,2.2082494969818955,0.9100467663640469,0.8735561472137703,0.9737510167711028,0.9296958020184999,0.8735561472137703,0.9217624330918549,2.2082494969818955,-18.041582830315228
yolo26n,40%,1,0.8703703703703703,0.8203703703703703,0.41804,0.84375,0.7878787878787878,-3.249158249158246,False,0.8661620013781339,0.8430583501006036,2.2687979730233288,0.9130822322365586,0.9328546994117299,0.9816019689293064,0.9440121624123133,0.9130822322365586,0.942887765747477,2.2687979730233288,-5.517956222181574
yolo26n,40%,2,0.8518518518518519,0.8018518518518518,0.67496,0.8125,0.5757575757575758,-22.609427609427602,False,0.8940828339495941,0.7878787878787878,-1.397306397306397,0.8615410737979404,0.8896462842712843,0.9826311156412156,0.8896580255936533,0.8615410737979404,0.9058691248260234,-1.397306397306397,-21.212121212121204
yolo26n,50%,0,0.8125,0.7625,0.48493,0.7666666666666667,0.696969696969697,-6.553030303030294,False,0.8942316240483795,0.8181818181818182,5.568181818181827,0.8366124546076694,0.9527227799816906,0.9734890288739393,0.9285765324397862,0.8366124546076694,0.9228501989757714,5.568181818181827,-12.121212121212121
yolo26n,50%,1,0.8333333333333334,0.7833333333333333,0.3687,0.8125,0.7878787878787878,0.4545454545454519,True,0.8198134283968028,0.8470824949698189,6.3749161636485585,0.8417204236028449,0.9506806279022814,0.9619931814145899,0.9471877073933994,0.8417204236028449,0.9253954850782788,6.3749161636485585,-5.920370709103107
yolo26n,50%,2,0.84375,0.79375,0.62703,0.8,0.6666666666666666,-12.708333333333332,False,0.911954470483476,0.8229376257545271,2.918762575452716,0.8869866258566769,0.8886541652331028,0.9371566770772599,0.9412463006736842,0.8869866258566769,0.9135109422101809,2.918762575452716,-15.627095908786048
