model,seed,ckpt,split,tp_hungarian_25,tp_cache_25,diff_25,tp_hungarian_star,tp_cache_star,diff_star,perfect_match
yolo11n,0,best,val,"[28, 30, 47, 512]","[28, 30, 47, 512]","[0, 0, 0, 0]","[27, 27, 45, 511]","[27, 27, 45, 511]","[0, 0, 0, 0]",True
yolo11n,0,best,test,"[32, 26, 52, 431]","[32, 26, 52, 431]","[0, 0, 0, 0]","[28, 26, 51, 417]","[28, 26, 51, 417]","[0, 0, 0, 0]",True
yolo11n,0,last,val,"[27, 29, 47, 513]","[27, 29, 47, 513]","[0, 0, 0, 0]","[26, 28, 44, 491]","[26, 28, 44, 491]","[0, 0, 0, 0]",True
yolo11n,0,last,test,"[30, 27, 52, 407]","[30, 27, 52, 407]","[0, 0, 0, 0]","[18, 24, 48, 351]","[18, 24, 48, 351]","[0, 0, 0, 0]",True
yolo11n,1,best,val,"[26, 28, 45, 513]","[26, 28, 45, 513]","[0, 0, 0, 0]","[25, 25, 43, 431]","[25, 25, 43, 431]","[0, 0, 0, 0]",True
yolo11n,1,best,test,"[30, 26, 52, 425]","[30, 26, 52, 425]","[0, 0, 0, 0]","[9, 23, 45, 315]","[9, 23, 45, 315]","[0, 0, 0, 0]",True
yolo11n,1,last,val,"[26, 24, 45, 512]","[26, 24, 45, 512]","[0, 0, 0, 0]","[26, 23, 45, 506]","[26, 23, 45, 506]","[0, 0, 0, 0]",True
yolo11n,1,last,test,"[26, 22, 54, 406]","[26, 22, 54, 406]","[0, 0, 0, 0]","[22, 19, 51, 364]","[22, 19, 51, 364]","[0, 0, 0, 0]",True
yolo11n,2,best,val,"[27, 27, 45, 509]","[27, 27, 45, 509]","[0, 0, 0, 0]","[26, 24, 43, 481]","[26, 24, 43, 481]","[0, 0, 0, 0]",True
yolo11n,2,best,test,"[30, 27, 53, 429]","[30, 27, 53, 429]","[0, 0, 0, 0]","[18, 26, 49, 369]","[18, 26, 49, 369]","[0, 0, 0, 0]",True
yolo11n,2,last,val,"[28, 27, 46, 512]","[28, 27, 46, 512]","[0, 0, 0, 0]","[26, 26, 45, 486]","[26, 26, 45, 486]","[0, 0, 0, 0]",True
yolo11n,2,last,test,"[30, 26, 50, 410]","[30, 26, 50, 410]","[0, 0, 0, 0]","[21, 26, 48, 347]","[21, 26, 48, 347]","[0, 0, 0, 0]",True
yolo11n,3,best,val,"[29, 28, 46, 515]","[29, 28, 46, 515]","[0, 0, 0, 0]","[26, 27, 44, 501]","[26, 27, 44, 501]","[0, 0, 0, 0]",True
yolo11n,3,best,test,"[33, 26, 50, 425]","[33, 26, 50, 425]","[0, 0, 0, 0]","[25, 24, 45, 330]","[25, 24, 45, 330]","[0, 0, 0, 0]",True
yolo11n,3,last,val,"[27, 27, 44, 511]","[27, 27, 44, 511]","[0, 0, 0, 0]","[26, 24, 42, 423]","[26, 24, 42, 423]","[0, 0, 0, 0]",True
yolo11n,3,last,test,"[31, 26, 50, 412]","[31, 26, 50, 412]","[0, 0, 0, 0]","[10, 23, 44, 223]","[10, 23, 44, 223]","[0, 0, 0, 0]",True
yolo11n,4,best,val,"[26, 28, 48, 513]","[26, 28, 48, 513]","[0, 0, 0, 0]","[25, 24, 42, 485]","[25, 24, 42, 485]","[0, 0, 0, 0]",True
yolo11n,4,best,test,"[31, 27, 54, 439]","[31, 27, 54, 439]","[0, 0, 0, 0]","[18, 22, 49, 306]","[18, 22, 49, 306]","[0, 0, 0, 0]",True
yolo11n,4,last,val,"[26, 28, 47, 512]","[26, 28, 47, 512]","[0, 0, 0, 0]","[25, 26, 43, 473]","[25, 26, 43, 473]","[0, 0, 0, 0]",True
yolo11n,4,last,test,"[30, 25, 52, 423]","[30, 25, 52, 423]","[0, 0, 0, 0]","[21, 19, 50, 322]","[21, 19, 50, 322]","[0, 0, 0, 0]",True
yolo26n,0,best,val,"[27, 27, 46, 511]","[27, 27, 46, 511]","[0, 0, 0, 0]","[26, 27, 46, 507]","[26, 27, 46, 507]","[0, 0, 0, 0]",True
yolo26n,0,best,test,"[31, 25, 54, 412]","[31, 25, 54, 412]","[0, 0, 0, 0]","[27, 25, 53, 398]","[27, 25, 53, 398]","[0, 0, 0, 0]",True
yolo26n,0,last,val,"[26, 27, 47, 509]","[26, 27, 47, 509]","[0, 0, 0, 0]","[25, 23, 46, 498]","[25, 23, 46, 498]","[0, 0, 0, 0]",True
yolo26n,0,last,test,"[25, 24, 53, 396]","[25, 24, 53, 396]","[0, 0, 0, 0]","[18, 22, 51, 365]","[18, 22, 51, 365]","[0, 0, 0, 0]",True
yolo26n,1,best,val,"[27, 27, 46, 504]","[27, 27, 46, 504]","[0, 0, 0, 0]","[26, 24, 44, 485]","[26, 24, 44, 485]","[0, 0, 0, 0]",True
yolo26n,1,best,test,"[28, 27, 55, 436]","[28, 27, 55, 436]","[0, 0, 0, 0]","[19, 25, 52, 397]","[19, 25, 52, 397]","[0, 0, 0, 0]",True
yolo26n,1,last,val,"[29, 26, 46, 509]","[29, 26, 46, 509]","[0, 0, 0, 0]","[26, 25, 46, 508]","[26, 25, 46, 508]","[0, 0, 0, 0]",True
yolo26n,1,last,test,"[28, 25, 50, 427]","[28, 25, 50, 427]","[0, 0, 0, 0]","[22, 24, 48, 413]","[22, 24, 48, 413]","[0, 0, 0, 0]",True
yolo26n,2,best,val,"[28, 27, 46, 490]","[28, 27, 46, 490]","[0, 0, 0, 0]","[26, 27, 45, 485]","[26, 27, 45, 485]","[0, 0, 0, 0]",True
yolo26n,2,best,test,"[27, 27, 54, 429]","[27, 27, 54, 429]","[0, 0, 0, 0]","[25, 27, 53, 413]","[25, 27, 53, 413]","[0, 0, 0, 0]",True
yolo26n,2,last,val,"[27, 28, 46, 485]","[27, 28, 46, 485]","[0, 0, 0, 0]","[26, 27, 44, 466]","[26, 27, 44, 466]","[0, 0, 0, 0]",True
yolo26n,2,last,test,"[25, 26, 53, 403]","[25, 26, 53, 403]","[0, 0, 0, 0]","[23, 26, 52, 378]","[23, 26, 52, 378]","[0, 0, 0, 0]",True
yolo26n,3,best,val,"[27, 28, 49, 513]","[27, 28, 49, 513]","[0, 0, 0, 0]","[26, 28, 48, 512]","[26, 28, 48, 512]","[0, 0, 0, 0]",True
yolo26n,3,best,test,"[30, 27, 56, 439]","[30, 27, 56, 439]","[0, 0, 0, 0]","[25, 27, 56, 427]","[25, 27, 56, 427]","[0, 0, 0, 0]",True
yolo26n,3,last,val,"[27, 28, 47, 512]","[27, 28, 47, 512]","[0, 0, 0, 0]","[26, 28, 47, 509]","[26, 28, 47, 509]","[0, 0, 0, 0]",True
yolo26n,3,last,test,"[30, 27, 56, 429]","[30, 27, 56, 429]","[0, 0, 0, 0]","[28, 27, 56, 419]","[28, 27, 56, 419]","[0, 0, 0, 0]",True
