model,prune_ratio,readme_tau_star,canon_tau_star,diff_tau,readme_test_min,canon_test_min,diff_test_min_pp,readme_margin_pp,canon_margin_pp,diff_margin_pp,canon_pass_rate,flag_gt_0.5pp
yolo11n,0%,0.672,0.6552466666666666,-0.016753333333333398,0.552,0.5524053411377355,0.04053411377354932,-23.7,-23.632922676349907,0.06707732365009278,1/3,False
yolo11n,10%,0.645,0.6985366666666666,0.053536666666666566,0.653,0.5757575757575757,-7.7242424242424335,-13.6,-21.72208193041526,-8.122081930415261,0/3,True
yolo11n,20%,0.637,0.48046000000000005,-0.15653999999999996,0.673,0.7594049143344918,8.64049143344917,-11.6,-5.51784189988415,6.08215810011585,1/3,True
yolo11n,30%,0.639,0.7074233333333333,0.06842333333333328,0.69,0.611121273093104,-7.887872690689591,-9.9,-16.8739838018007,-6.973983801800701,0/3,True
yolo11n,40%,0.512,0.7094233333333334,0.1974233333333334,0.711,0.6161616161616162,-9.483838383838371,-7.8,-16.36994949494949,-8.56994949494949,0/3,True
yolo11n,50%,0.505,0.6371066666666666,0.1321066666666666,0.632,0.42424242424242425,-20.775757575757574,-15.7,-35.9090909090909,-20.2090909090909,0/3,True
yolo26n,0%,0.54,0.5171533333333332,-0.022846666666666793,0.709,0.7113793874357256,0.23793874357256328,-8.7,-8.507122984822509,0.19287701517749056,1/3,False
yolo26n,10%,0.625,0.5855966666666667,-0.039403333333333346,0.608,0.6161616161616162,0.8161616161616259,-18.9,-19.070566778900105,-0.1705667789001062,0/3,True
yolo26n,20%,0.546,0.5827933333333334,0.036793333333333345,0.601,0.6565656565656566,5.55656565656566,-19.6,-12.553310886644214,7.046689113355788,0/3,True
yolo26n,30%,0.557,0.5306933333333334,-0.0263066666666667,0.64,0.6565656565656566,1.6565656565656561,-15.6,-13.371212121212118,2.228787878787882,0/3,True
yolo26n,40%,0.614,0.53879,-0.07521,0.657,0.6767676767676768,1.9767676767676767,-13.9,-13.897306397306394,0.0026936026936059676,0/3,True
yolo26n,50%,0.459,0.49355333333333334,0.034553333333333325,0.728,0.7171717171717171,-1.0828282828282854,-6.9,-6.268939393939391,0.6310606060606094,1/3,True
