model,seed,ckpt,val_R_base,val_binding_cls_25,val_R_floor,tau_star,val_worst_rec_star,val_worst_cls_star,test_worst_rec_star,test_worst_cls_star,test_worst_tp_gt_star,margin_pp_star,passed_star,test_worst_rec_25,test_worst_cls_25,test_worst_tp_gt_25,margin_pp_25,passed_25
yolo11n,0,best,0.8703703703703703,drinking,0.8203703703703703,0.49472,0.8333333333333334,drinking,0.8390342052313883,phone_use,417/497,1.866383486101797,True,0.8672032193158954,phone_use,431/497,4.683284894552509,True
yolo11n,0,last,0.84375,yawning,0.79375,0.72071,0.8125,yawning,0.5454545454545454,yawning,18/33,-24.829545454545453,False,0.8189134808853119,phone_use,407/497,2.516348088531195,True
yolo11n,1,best,0.8125,yawning,0.7625,0.75582,0.78125,yawning,0.2727272727272727,yawning,9/33,-48.97727272727273,False,0.8551307847082495,phone_use,425/497,9.26307847082496,True
yolo11n,1,last,0.8,hand_over_mouth,0.75,0.65027,0.7666666666666667,hand_over_mouth,0.6666666666666666,yawning,22/33,-8.333333333333337,False,0.7857142857142857,hand_over_mouth,22/28,3.57142857142857,True
yolo11n,2,best,0.8333333333333334,drinking,0.7833333333333333,0.7152,0.7962962962962963,drinking,0.5454545454545454,yawning,18/33,-23.787878787878793,False,0.8631790744466801,phone_use,429/497,7.984574111334675,True
yolo11n,2,last,0.8518518518518519,drinking,0.8018518518518518,0.75753,0.8125,yawning,0.6363636363636364,yawning,21/33,-16.548821548821547,False,0.8249496981891348,phone_use,410/497,2.3097846337282957,True
yolo11n,3,best,0.8518518518518519,drinking,0.8018518518518518,0.73475,0.8125,yawning,0.6639839034205232,phone_use,330/497,-13.786794843132865,False,0.8551307847082495,phone_use,425/497,5.327893285639773,True
yolo11n,3,last,0.8148148148148148,drinking,0.7648148148148147,0.80626,0.7777777777777778,drinking,0.30303030303030304,yawning,10/33,-46.17845117845117,False,0.8289738430583501,phone_use,412/497,6.4159028243535365,True
yolo11n,4,best,0.8125,yawning,0.7625,0.764,0.7777777777777778,drinking,0.5454545454545454,yawning,18/33,-21.704545454545453,False,0.8832997987927566,phone_use,439/497,12.07997987927566,True
yolo11n,4,last,0.8125,yawning,0.7625,0.77031,0.78125,yawning,0.6363636363636364,yawning,21/33,-12.61363636363636,False,0.8511066398390342,phone_use,423/497,8.860663983903427,True
yolo26n,0,best,0.84375,yawning,0.79375,0.46751,0.8125,yawning,0.8008048289738431,phone_use,398/497,0.705482897384313,True,0.8289738430583501,phone_use,412/497,3.5223843058350135,True
yolo26n,0,last,0.8125,yawning,0.7625,0.68628,0.7666666666666667,hand_over_mouth,0.5454545454545454,yawning,18/33,-21.704545454545453,False,0.7575757575757576,yawning,25/33,-0.49242424242423866,False
yolo26n,1,best,0.84375,yawning,0.79375,0.61192,0.8,hand_over_mouth,0.5757575757575758,yawning,19/33,-21.799242424242415,False,0.8484848484848485,yawning,28/33,5.473484848484855,True
yolo26n,1,last,0.8518518518518519,drinking,0.8018518518518518,0.51062,0.8125,yawning,0.6666666666666666,yawning,22/33,-13.518518518518519,False,0.8484848484848485,yawning,28/33,4.66329966329967,True
yolo26n,2,best,0.8518518518518519,drinking,0.8018518518518518,0.47203,0.8125,yawning,0.7575757575757576,yawning,25/33,-4.427609427609425,False,0.8181818181818182,yawning,27/33,1.6329966329966417,True
yolo26n,2,last,0.84375,yawning,0.79375,0.53287,0.8125,yawning,0.696969696969697,yawning,23/33,-9.678030303030294,False,0.7575757575757576,yawning,25/33,-3.6174242424242387,False
yolo26n,3,best,0.84375,yawning,0.79375,0.44973,0.8125,yawning,0.7575757575757576,yawning,25/33,-3.6174242424242387,False,0.8832997987927566,phone_use,439/497,8.95497987927566,True
yolo26n,3,last,0.84375,yawning,0.79375,0.32984,0.8125,yawning,0.8430583501006036,phone_use,419/497,4.930835010060363,True,0.8631790744466801,phone_use,429/497,6.942907444668012,True
