model,split,tau_target,class_name,GT,a_reported_attr_r,a_TP,b_rcurve_recall,b_TP,c_exact_recall,c_TP,diff_c_minus_b,diff_c_minus_a
yolo11n,val,0.1,yawning,32,0.8178577017003692,26,0.96875,31,0.96875,31,0.0,0.1508922982996308
yolo11n,val,0.1,hand_over_mouth,30,0.8983217931074958,27,1.0,30,1.0,30,0.0,0.10167820689250417
yolo11n,val,0.1,drinking,54,0.7981448564962104,43,0.8888888888888888,48,0.8888888888888888,48,0.0,0.09074403239267848
yolo11n,val,0.1,phone_use,523,0.9745723198292648,510,0.982791586998088,514,0.9847036328871893,515,0.0019120458891013214,0.010131313057924474
yolo11n,val,0.25,yawning,32,0.8178577017003692,26,0.875,28,0.875,28,0.0,0.0571422982996308
yolo11n,val,0.25,hand_over_mouth,30,0.8983217931074958,27,1.0,30,1.0,30,0.0,0.10167820689250417
yolo11n,val,0.25,drinking,54,0.7981448564962104,43,0.8703703703703703,47,0.8703703703703703,47,0.0,0.07222551387415999
yolo11n,val,0.25,phone_use,523,0.9745723198292648,510,0.9789674952198852,512,0.9789674952198852,512,0.0,0.004395175390620398
yolo11n,val,0.5,yawning,32,0.8229197001456643,26,0.84375,27,0.84375,27,0.0,0.02083029985433571
yolo11n,val,0.5,hand_over_mouth,30,0.9,27,0.9,27,0.9,27,0.0,0.0
yolo11n,val,0.5,drinking,54,0.7987540301073944,43,0.8320689397755819,45,0.8148148148148148,44,-0.01725412496076717,0.01606078470742034
yolo11n,val,0.5,phone_use,523,0.9746154603561543,510,0.9770554493307839,511,0.9770554493307839,511,0.0,0.0024399889746296033
yolo11n,val,0.5436040044493883,yawning,32,0.84375,27,0.84375,27,0.84375,27,0.0,0.0
yolo11n,val,0.5436040044493883,hand_over_mouth,30,0.9,27,0.9,27,0.9,27,0.0,0.0
yolo11n,val,0.5436040044493883,drinking,54,0.8148148148148148,44,0.8204202490979301,44,0.8148148148148148,44,-0.005605434283115329,0.0
yolo11n,val,0.5436040044493883,phone_use,523,0.9770554493307839,511,0.9770554493307839,511,0.9770554493307839,511,0.0,0.0
yolo11n,test,0.1,yawning,33,0.8603394317625167,28,0.9696969696969697,32,0.9696969696969697,32,0.0,0.10935753793445302
yolo11n,test,0.1,hand_over_mouth,28,0.9285714285714286,26,0.9285714285714286,26,0.9285714285714286,26,0.0,0.0
yolo11n,test,0.1,drinking,56,0.9107142857142857,51,0.9285714285714286,52,0.9285714285714286,52,0.0,0.017857142857142905
yolo11n,test,0.1,phone_use,497,0.8265594003936758,411,0.8792756539235412,437,0.8812877263581489,438,0.002012072434607659,0.05472832596447308
yolo11n,test,0.25,yawning,33,0.8603394317625167,28,0.9696969696969697,32,0.9696969696969697,32,0.0,0.10935753793445302
yolo11n,test,0.25,hand_over_mouth,28,0.9285714285714286,26,0.9285714285714286,26,0.9285714285714286,26,0.0,0.0
yolo11n,test,0.25,drinking,56,0.9107142857142857,51,0.9285714285714286,52,0.9285714285714286,52,0.0,0.017857142857142905
yolo11n,test,0.25,phone_use,497,0.8265594003936758,411,0.8651911468812877,430,0.8672032193158954,431,0.002012072434607659,0.04064381892221958
yolo11n,test,0.5,yawning,33,0.8484848484848485,28,0.8697047394437505,29,0.8484848484848485,28,-0.021219890958901977,0.0
yolo11n,test,0.5,hand_over_mouth,28,0.9285714285714286,26,0.9285714285714286,26,0.9285714285714286,26,0.0,0.0
yolo11n,test,0.5,drinking,56,0.9107142857142857,51,0.9107142857142857,51,0.9107142857142857,51,0.0,0.0
yolo11n,test,0.5,phone_use,497,0.8258371877541862,410,0.8334316221896714,414,0.8350100603621731,415,0.001578438172501695,0.009172872607986826
yolo11n,test,0.5436040044493883,yawning,33,0.8484848484848485,28,0.8517884986622598,28,0.8484848484848485,28,-0.003303650177411299,0.0
yolo11n,test,0.5436040044493883,hand_over_mouth,28,0.9285714285714286,26,0.9285714285714286,26,0.9285714285714286,26,0.0,0.0
yolo11n,test,0.5436040044493883,drinking,56,0.9107142857142857,51,0.9107142857142857,51,0.9107142857142857,51,0.0,0.0
yolo11n,test,0.5436040044493883,phone_use,497,0.8169014084507042,406,0.8182480202677145,407,0.8189134808853119,407,0.0006654606175974243,0.002012072434607659
yolo26n,val,0.1,yawning,32,0.8147192271830007,26,0.875,28,0.875,28,0.0,0.060280772816999284
yolo26n,val,0.1,hand_over_mouth,30,0.9,27,0.9,27,0.9,27,0.0,0.0
yolo26n,val,0.1,drinking,54,0.8518518518518519,46,0.8625524786779052,47,0.8518518518518519,46,-0.010700626826053328,0.0
yolo26n,val,0.1,phone_use,523,0.9737101223384447,509,0.9789674952198852,512,0.9789674952198852,512,0.0,0.00525737288144057
yolo26n,val,0.25,yawning,32,0.8147192271830007,26,0.84375,27,0.84375,27,0.0,0.029030772816999284
yolo26n,val,0.25,hand_over_mouth,30,0.9,27,0.9,27,0.9,27,0.0,0.0
yolo26n,val,0.25,drinking,54,0.8518518518518519,46,0.8518518518518519,46,0.8518518518518519,46,0.0,0.0
yolo26n,val,0.25,phone_use,523,0.9737101223384447,509,0.9770554493307839,511,0.9770554493307839,511,0.0,0.003345326992339248
yolo26n,val,0.5,yawning,32,0.75,24,0.7622002253384397,24,0.75,24,-0.012200225338439674,0.0
yolo26n,val,0.5,hand_over_mouth,30,0.8532803819744247,26,0.8841929511835164,27,0.8666666666666667,26,-0.017526284516849677,0.013386284692242012
yolo26n,val,0.5,drinking,54,0.8289366869520592,45,0.8485864010155217,46,0.8333333333333334,45,-0.01525306768218837,0.0043966463812741274
yolo26n,val,0.5,phone_use,523,0.959987237634391,502,0.9656874127410705,505,0.9655831739961759,505,-0.0001042387448946247,0.005595936361784903
yolo26n,val,0.48321468298109016,yawning,32,0.78125,25,0.7947046955119208,25,0.78125,25,-0.0134546955119208,0.0
yolo26n,val,0.48321468298109016,hand_over_mouth,30,0.8666666666666667,26,0.8923367600800477,27,0.8666666666666667,26,-0.025670093413381,0.0
yolo26n,val,0.48321468298109016,drinking,54,0.8518518518518519,46,0.8518518518518519,46,0.8518518518518519,46,0.0,0.0
yolo26n,val,0.48321468298109016,phone_use,523,0.9674952198852772,506,0.9681399950514222,506,0.9674952198852772,506,-0.0006447751661450285,0.0
yolo26n,test,0.1,yawning,33,0.8181818181818182,27,0.9393939393939394,31,0.9393939393939394,31,0.0,0.12121212121212122
yolo26n,test,0.1,hand_over_mouth,28,0.8928571428571429,25,0.9642857142857143,27,0.9642857142857143,27,0.0,0.0714285714285714
yolo26n,test,0.1,drinking,56,0.9464285714285714,53,0.9642857142857143,54,0.9642857142857143,54,0.0,0.017857142857142905
yolo26n,test,0.1,phone_use,497,0.7991246894918841,397,0.844800879554888,420,0.8430583501006036,419,-0.001742529454284436,0.043933660608719505
yolo26n,test,0.25,yawning,33,0.8181818181818182,27,0.9393939393939394,31,0.9393939393939394,31,0.0,0.12121212121212122
yolo26n,test,0.25,hand_over_mouth,28,0.8928571428571429,25,0.9091169798304543,25,0.8928571428571429,25,-0.016259836973311348,0.0
yolo26n,test,0.25,drinking,56,0.9464285714285714,53,0.9642857142857143,54,0.9642857142857143,54,0.0,0.017857142857142905
yolo26n,test,0.25,phone_use,497,0.7991246894918841,397,0.8296518969945508,412,0.8289738430583501,412,-0.0006780539362006843,0.029849153566466002
yolo26n,test,0.5,yawning,33,0.8181818181818182,27,0.8181818181818182,27,0.8181818181818182,27,0.0,0.0
yolo26n,test,0.5,hand_over_mouth,28,0.8571428571428571,24,0.8919079312728545,25,0.8571428571428571,24,-0.03476507412999741,0.0
yolo26n,test,0.5,drinking,56,0.9464285714285714,53,0.9464285714285714,53,0.9464285714285714,53,0.0,0.0
yolo26n,test,0.5,phone_use,497,0.7822637254023396,389,0.7956026317353151,395,0.7947686116700201,395,-0.0008340200652949825,0.012504886267680537
yolo26n,test,0.48321468298109016,yawning,33,0.8181818181818182,27,0.8181818181818182,27,0.8181818181818182,27,0.0,0.0
yolo26n,test,0.48321468298109016,hand_over_mouth,28,0.8928571428571429,25,0.8928571428571429,25,0.8928571428571429,25,0.0,0.0
yolo26n,test,0.48321468298109016,drinking,56,0.9464285714285714,53,0.9464285714285714,53,0.9464285714285714,53,0.0,0.0
yolo26n,test,0.48321468298109016,phone_use,497,0.7987927565392354,397,0.7996708661201427,397,0.7987927565392354,397,-0.0008781095809072825,0.0
