event_id,split,subject,video,class_name,start_frame,end_frame,num_frames,duration_span
evt_0057,train,subject_01,video_01,drinking,51,58,8,8
evt_0058,train,subject_01,video_01,drinking,106,109,4,4
evt_0059,train,subject_01,video_01,drinking,147,151,5,5
evt_0060,train,subject_01,video_01,drinking,216,220,5,5
evt_0061,train,subject_01,video_01,hand_over_mouth,116,116,1,1
evt_0062,train,subject_01,video_01,hand_over_mouth,168,168,1,1
evt_0063,train,subject_01,video_01,phone_use,112,112,1,1
evt_0064,train,subject_01,video_02,phone_use,54,88,35,35
evt_0065,train,subject_01,video_02,phone_use,137,178,42,42
evt_0066,train,subject_01,video_02,phone_use,262,300,39,39
evt_0067,train,subject_01,video_02,phone_use,352,403,52,52
evt_0068,train,subject_01,video_04,hand_over_mouth,81,85,5,5
evt_0069,train,subject_01,video_04,hand_over_mouth,150,155,6,6
evt_0070,train,subject_01,video_04,yawning,48,52,5,5
evt_0071,train,subject_01,video_04,yawning,118,122,5,5
evt_0072,train,subject_01,video_05,yawning,1,1,1,1
evt_0179,val,subject_02,video_01,drinking,48,53,3,6
evt_0180,val,subject_02,video_01,drinking,99,101,3,3
evt_0181,val,subject_02,video_01,drinking,145,148,3,4
evt_0182,val,subject_02,video_01,drinking,212,216,3,5
evt_0183,val,subject_02,video_02,phone_use,43,69,27,27
evt_0184,val,subject_02,video_02,phone_use,117,147,31,31
evt_0185,val,subject_02,video_02,phone_use,237,269,33,33
evt_0186,val,subject_02,video_02,phone_use,319,358,40,40
evt_0187,val,subject_02,video_04,hand_over_mouth,69,71,3,3
evt_0188,val,subject_02,video_04,hand_over_mouth,134,136,3,3
evt_0189,val,subject_02,video_04,yawning,43,46,4,4
evt_0190,val,subject_02,video_04,yawning,106,108,3,3
evt_0191,val,subject_02,video_04,yawning,133,133,1,1
evt_0192,val,subject_03,video_01,drinking,63,69,5,7
evt_0193,val,subject_03,video_01,drinking,119,121,3,3
evt_0194,val,subject_03,video_01,drinking,164,169,6,6
evt_0195,val,subject_03,video_01,drinking,213,219,5,7
evt_0196,val,subject_03,video_01,yawning,67,67,1,1
evt_0197,val,subject_03,video_02,phone_use,53,109,57,57
evt_0198,val,subject_03,video_02,phone_use,160,206,46,47
evt_0199,val,subject_03,video_02,phone_use,281,318,38,38
evt_0200,val,subject_03,video_02,phone_use,370,434,65,65
evt_0201,val,subject_03,video_04,hand_over_mouth,87,90,4,4
evt_0202,val,subject_03,video_04,hand_over_mouth,161,164,4,4
evt_0203,val,subject_03,video_04,yawning,10,10,1,1
evt_0204,val,subject_03,video_04,yawning,49,53,5,5
evt_0205,val,subject_03,video_04,yawning,86,86,1,1
evt_0206,val,subject_03,video_04,yawning,133,137,5,5
evt_0207,val,subject_03,video_04,yawning,160,160,1,1
evt_0208,val,subject_03,video_05,yawning,1,1,1,1
evt_0073,train,subject_04,video_01,drinking,58,61,4,4
evt_0074,train,subject_04,video_01,drinking,113,114,2,2
evt_0075,train,subject_04,video_01,drinking,148,151,4,4
evt_0076,train,subject_04,video_01,drinking,202,204,3,3
evt_0077,train,subject_04,video_02,phone_use,60,83,24,24
evt_0078,train,subject_04,video_02,phone_use,126,159,34,34
evt_0079,train,subject_04,video_02,phone_use,174,178,5,5
evt_0080,train,subject_04,video_02,phone_use,267,317,51,51
evt_0081,train,subject_04,video_02,phone_use,375,422,48,48
evt_0082,train,subject_04,video_04,hand_over_mouth,78,82,5,5
evt_0083,train,subject_04,video_04,hand_over_mouth,154,158,5,5
evt_0084,train,subject_04,video_04,yawning,27,30,4,4
evt_0085,train,subject_04,video_04,yawning,45,49,5,5
evt_0086,train,subject_04,video_04,yawning,123,127,5,5
evt_0087,train,subject_04,video_05,hand_over_mouth,87,87,1,1
evt_0000,test,subject_05,video_01,drinking,48,50,3,3
evt_0001,test,subject_05,video_01,drinking,102,107,5,6
evt_0002,test,subject_05,video_01,drinking,149,152,4,4
evt_0003,test,subject_05,video_01,drinking,228,231,4,4
evt_0004,test,subject_05,video_02,phone_use,42,70,29,29
evt_0005,test,subject_05,video_02,phone_use,118,151,34,34
evt_0006,test,subject_05,video_02,phone_use,221,266,46,46
evt_0007,test,subject_05,video_02,phone_use,317,355,39,39
evt_0008,test,subject_05,video_04,hand_over_mouth,67,69,3,3
evt_0009,test,subject_05,video_04,hand_over_mouth,134,136,3,3
evt_0010,test,subject_05,video_04,yawning,53,55,3,3
evt_0011,test,subject_05,video_04,yawning,118,121,4,4
evt_0012,test,subject_05,video_04,yawning,137,137,1,1
evt_0088,train,subject_06,video_01,drinking,49,55,6,7
evt_0089,train,subject_06,video_01,drinking,95,101,7,7
evt_0090,train,subject_06,video_01,drinking,139,143,5,5
evt_0091,train,subject_06,video_01,drinking,199,204,6,6
evt_0092,train,subject_06,video_02,phone_use,52,107,56,56
evt_0093,train,subject_06,video_02,phone_use,151,192,42,42
evt_0094,train,subject_06,video_02,phone_use,275,363,89,89
evt_0095,train,subject_06,video_02,phone_use,408,472,65,65
evt_0096,train,subject_06,video_04,hand_over_mouth,85,89,5,5
evt_0097,train,subject_06,video_04,hand_over_mouth,153,156,4,4
evt_0098,train,subject_06,video_04,hand_over_mouth,190,195,6,6
evt_0099,train,subject_06,video_04,yawning,46,50,5,5
evt_0100,train,subject_06,video_04,yawning,84,84,1,1
evt_0101,train,subject_06,video_04,yawning,120,123,4,4
evt_0102,train,subject_06,video_04,yawning,151,152,2,2
evt_0103,train,subject_06,video_04,yawning,189,189,1,1
evt_0104,train,subject_07,video_01,drinking,48,49,2,2
evt_0105,train,subject_07,video_01,drinking,95,96,2,2
evt_0106,train,subject_07,video_01,drinking,196,197,2,2
evt_0107,train,subject_07,video_01,drinking,219,219,1,1
evt_0108,train,subject_07,video_02,phone_use,54,77,24,24
evt_0109,train,subject_07,video_02,phone_use,125,150,26,26
evt_0110,train,subject_07,video_02,phone_use,218,248,31,31
evt_0111,train,subject_07,video_02,phone_use,299,338,40,40
evt_0112,train,subject_07,video_04,hand_over_mouth,74,76,3,3
evt_0113,train,subject_07,video_04,hand_over_mouth,148,149,2,2
evt_0114,train,subject_07,video_04,yawning,46,50,5,5
evt_0115,train,subject_07,video_04,yawning,73,73,1,1
evt_0116,train,subject_07,video_04,yawning,121,124,4,4
evt_0117,train,subject_07,video_04,yawning,147,147,1,1
evt_0118,train,subject_08,video_01,drinking,46,54,7,9
evt_0119,train,subject_08,video_01,drinking,117,124,8,8
evt_0120,train,subject_08,video_01,drinking,161,165,4,5
evt_0121,train,subject_08,video_01,drinking,210,216,7,7
evt_0122,train,subject_08,video_02,phone_use,43,81,39,39
evt_0123,train,subject_08,video_02,phone_use,124,166,43,43
evt_0124,train,subject_08,video_02,phone_use,228,270,43,43
evt_0125,train,subject_08,video_02,phone_use,304,335,32,32
evt_0126,train,subject_08,video_04,hand_over_mouth,78,80,3,3
evt_0127,train,subject_08,video_04,hand_over_mouth,111,111,1,1
evt_0128,train,subject_08,video_04,hand_over_mouth,157,160,4,4
evt_0129,train,subject_08,video_04,yawning,44,45,2,2
evt_0130,train,subject_08,video_04,yawning,123,124,2,2
evt_0131,train,subject_09,video_01,drinking,46,49,4,4
evt_0132,train,subject_09,video_01,drinking,108,113,6,6
evt_0133,train,subject_09,video_01,drinking,142,147,5,6
evt_0134,train,subject_09,video_01,drinking,200,213,8,14
evt_0135,train,subject_09,video_01,drinking,232,239,7,8
evt_0136,train,subject_09,video_02,phone_use,53,89,36,37
evt_0137,train,subject_09,video_02,phone_use,128,170,43,43
evt_0138,train,subject_09,video_02,phone_use,238,288,51,51
evt_0139,train,subject_09,video_02,phone_use,328,361,34,34
evt_0140,train,subject_09,video_03,yawning,39,40,2,2
evt_0141,train,subject_09,video_04,hand_over_mouth,76,81,6,6
evt_0142,train,subject_09,video_04,hand_over_mouth,146,153,8,8
evt_0143,train,subject_09,video_04,hand_over_mouth,184,189,6,6
evt_0144,train,subject_09,video_04,yawning,31,31,1,1
evt_0145,train,subject_09,video_04,yawning,53,59,7,7
evt_0146,train,subject_09,video_04,yawning,75,75,1,1
evt_0147,train,subject_09,video_04,yawning,113,119,7,7
evt_0148,train,subject_09,video_04,yawning,162,166,5,5
evt_0149,train,subject_09,video_04,yawning,190,190,1,1
evt_0150,train,subject_09,video_04,yawning,203,203,1,1
evt_0013,test,subject_10,video_01,drinking,38,43,6,6
evt_0014,test,subject_10,video_01,drinking,99,104,6,6
evt_0015,test,subject_10,video_01,drinking,136,140,5,5
evt_0016,test,subject_10,video_01,drinking,212,216,5,5
evt_0017,test,subject_10,video_01,yawning,82,82,1,1
evt_0018,test,subject_10,video_02,phone_use,61,101,41,41
evt_0019,test,subject_10,video_02,phone_use,162,196,35,35
evt_0020,test,subject_10,video_02,phone_use,283,330,47,48
evt_0021,test,subject_10,video_02,phone_use,384,420,37,37
evt_0209,val,subject_11,video_01,drinking,70,74,5,5
evt_0210,val,subject_11,video_01,drinking,121,127,7,7
evt_0211,val,subject_11,video_01,drinking,163,167,5,5
evt_0212,val,subject_11,video_01,drinking,230,235,6,6
evt_0213,val,subject_11,video_02,hand_over_mouth,450,451,2,2
evt_0214,val,subject_11,video_02,phone_use,55,103,49,49
evt_0215,val,subject_11,video_02,phone_use,156,197,42,42
evt_0216,val,subject_11,video_02,phone_use,269,310,42,42
evt_0217,val,subject_11,video_02,phone_use,362,414,53,53
evt_0218,val,subject_11,video_04,hand_over_mouth,79,84,6,6
evt_0219,val,subject_11,video_04,hand_over_mouth,164,171,8,8
evt_0220,val,subject_11,video_04,yawning,40,43,4,4
evt_0221,val,subject_11,video_04,yawning,121,125,5,5
evt_0022,test,subject_12,video_01,drinking,51,55,5,5
evt_0023,test,subject_12,video_01,drinking,113,118,4,6
evt_0024,test,subject_12,video_01,drinking,164,171,6,8
evt_0025,test,subject_12,video_01,drinking,243,249,3,7
evt_0026,test,subject_12,video_01,hand_over_mouth,37,37,1,1
evt_0027,test,subject_12,video_01,hand_over_mouth,155,155,1,1
evt_0028,test,subject_12,video_01,hand_over_mouth,222,222,1,1
evt_0029,test,subject_12,video_01,yawning,39,40,2,2
evt_0030,test,subject_12,video_01,yawning,101,101,1,1
evt_0031,test,subject_12,video_01,yawning,109,110,2,2
evt_0032,test,subject_12,video_01,yawning,126,126,1,1
evt_0033,test,subject_12,video_01,yawning,151,154,4,4
evt_0034,test,subject_12,video_01,yawning,181,181,1,1
evt_0035,test,subject_12,video_01,yawning,248,248,1,1
evt_0036,test,subject_12,video_02,hand_over_mouth,18,18,1,1
evt_0037,test,subject_12,video_02,hand_over_mouth,113,113,1,1
evt_0038,test,subject_12,video_02,hand_over_mouth,145,145,1,1
evt_0039,test,subject_12,video_02,hand_over_mouth,372,373,2,2
evt_0040,test,subject_12,video_02,phone_use,58,104,47,47
evt_0041,test,subject_12,video_02,phone_use,149,190,42,42
evt_0042,test,subject_12,video_02,phone_use,269,322,54,54
evt_0043,test,subject_12,video_02,phone_use,380,425,46,46
evt_0044,test,subject_12,video_02,yawning,8,9,2,2
evt_0045,test,subject_12,video_02,yawning,114,114,1,1
evt_0046,test,subject_12,video_02,yawning,144,144,1,1
evt_0047,test,subject_12,video_02,yawning,193,194,2,2
evt_0048,test,subject_12,video_03,hand_over_mouth,3,3,1,1
evt_0049,test,subject_12,video_03,hand_over_mouth,11,11,1,1
evt_0050,test,subject_12,video_04,hand_over_mouth,51,51,1,1
evt_0051,test,subject_12,video_04,hand_over_mouth,81,84,4,4
evt_0052,test,subject_12,video_04,hand_over_mouth,153,157,5,5
evt_0053,test,subject_12,video_04,hand_over_mouth,186,187,2,2
evt_0054,test,subject_12,video_04,yawning,46,48,3,3
evt_0055,test,subject_12,video_04,yawning,85,85,1,1
evt_0056,test,subject_12,video_04,yawning,125,126,2,2
evt_0151,train,subject_13,video_01,drinking,50,54,5,5
evt_0152,train,subject_13,video_01,drinking,112,115,4,4
evt_0153,train,subject_13,video_01,drinking,158,162,4,5
evt_0154,train,subject_13,video_01,drinking,230,232,3,3
evt_0155,train,subject_13,video_02,phone_use,55,111,57,57
evt_0156,train,subject_13,video_02,phone_use,165,215,51,51
evt_0157,train,subject_13,video_02,phone_use,298,347,50,50
evt_0158,train,subject_13,video_02,phone_use,402,460,59,59
evt_0159,train,subject_13,video_04,hand_over_mouth,78,80,3,3
evt_0160,train,subject_13,video_04,hand_over_mouth,147,149,3,3
evt_0161,train,subject_13,video_04,yawning,46,49,4,4
evt_0162,train,subject_13,video_04,yawning,77,77,1,1
evt_0163,train,subject_13,video_04,yawning,120,122,3,3
evt_0164,train,subject_13,video_04,yawning,146,146,1,1
evt_0165,train,subject_14,video_01,drinking,44,46,3,3
evt_0166,train,subject_14,video_01,drinking,98,101,4,4
evt_0167,train,subject_14,video_01,drinking,149,153,5,5
evt_0168,train,subject_14,video_01,drinking,220,223,4,4
evt_0169,train,subject_14,video_02,phone_use,54,100,47,47
evt_0170,train,subject_14,video_02,phone_use,141,168,28,28
evt_0171,train,subject_14,video_02,phone_use,243,285,43,43
evt_0172,train,subject_14,video_02,phone_use,333,389,57,57
evt_0173,train,subject_14,video_04,hand_over_mouth,59,61,3,3
evt_0174,train,subject_14,video_04,hand_over_mouth,150,151,2,2
evt_0175,train,subject_14,video_04,yawning,35,36,2,2
evt_0176,train,subject_14,video_04,yawning,106,107,2,2
evt_0177,train,subject_14,video_04,yawning,123,124,2,2
evt_0178,train,subject_14,video_04,yawning,149,149,1,1
