subject,video,frame,frame_num,event_id,best_conf,best_iou
subject_12,video_01,subject_12_video_01_frame_0110,110,evt_0031,0.75348,0.8415039144904723
subject_12,video_01,subject_12_video_01_frame_0152,152,evt_0033,0.7534,0.830144166462847
subject_12,video_02,subject_12_video_02_frame_0008,8,evt_0044,0.75145,0.854384448405872
subject_12,video_04,subject_12_video_04_frame_0048,48,evt_0054,0.75137,0.8808746223269696
subject_12,video_02,subject_12_video_02_frame_0144,144,evt_0046,0.75134,0.8917022540382848
subject_05,video_04,subject_05_video_04_frame_0054,54,evt_0010,0.74907,0.7490863286262757
subject_05,video_04,subject_05_video_04_frame_0053,53,evt_0010,0.73569,0.8071795335894061
subject_12,video_01,subject_12_video_01_frame_0040,40,evt_0029,0.73076,0.8173583580753003
subject_12,video_02,subject_12_video_02_frame_0009,9,evt_0044,0.72437,0.8652277214979913
subject_12,video_02,subject_12_video_02_frame_0194,194,evt_0047,0.7115,0.8562937494455896
subject_12,video_01,subject_12_video_01_frame_0039,39,evt_0029,0.70991,0.8030789128267528
subject_05,video_04,subject_05_video_04_frame_0137,137,evt_0012,0.68178,0.7213356697470639
subject_12,video_04,subject_12_video_04_frame_0046,46,evt_0054,0.67365,0.9057330762333786
subject_12,video_01,subject_12_video_01_frame_0153,153,evt_0033,0.64505,0.8069827289759249
subject_12,video_01,subject_12_video_01_frame_0109,109,evt_0031,0.63405,0.8446973236489755
subject_12,video_01,subject_12_video_01_frame_0151,151,evt_0033,0.51066,0.8086273424870841
subject_12,video_01,subject_12_video_01_frame_0101,101,evt_0030,0.49897,0.8522147519481161
subject_12,video_04,subject_12_video_04_frame_0085,85,evt_0055,0.49261,0.696499754005033
subject_05,video_04,subject_05_video_04_frame_0121,121,evt_0011,0.43268,0.8249625969244877
subject_12,video_01,subject_12_video_01_frame_0154,154,evt_0033,0.37244,0.8058269172890522
subject_12,video_01,subject_12_video_01_frame_0181,181,evt_0034,0.34296,0.771806324820281
