model,seed,split,subject,class_name,gt_boxes,gt_events,tau_star,recall_tau_10,recall_tau_25,recall_tau_50,recall_tau_75,recall_own_tau_star
yolo11n,0,val,subject_02,yawning,8,3,0.5436040044493883,1.0,1.0,1.0,0.125,1.0
yolo11n,0,val,subject_02,hand_over_mouth,6,2,0.5436040044493883,1.0,1.0,1.0,0.8333333333333334,1.0
yolo11n,0,val,subject_02,drinking,12,4,0.5436040044493883,0.6666666666666666,0.5833333333333334,0.5833333333333334,0.5,0.5833333333333334
yolo11n,0,val,subject_02,phone_use,131,4,0.5436040044493883,0.9847328244274809,0.9770992366412213,0.9770992366412213,0.9770992366412213,0.9770992366412213
yolo11n,0,val,subject_03,yawning,15,7,0.5436040044493883,0.9333333333333333,0.7333333333333333,0.6666666666666666,0.06666666666666667,0.6666666666666666
yolo11n,0,val,subject_03,hand_over_mouth,8,2,0.5436040044493883,1.0,1.0,1.0,0.0,1.0
yolo11n,0,val,subject_03,drinking,19,4,0.5436040044493883,0.8947368421052632,0.8947368421052632,0.7368421052631579,0.631578947368421,0.7368421052631579
yolo11n,0,val,subject_03,phone_use,206,4,0.5436040044493883,0.9902912621359223,0.9854368932038835,0.9805825242718447,0.8980582524271845,0.9805825242718447
yolo11n,0,val,subject_11,yawning,9,2,0.5436040044493883,1.0,1.0,1.0,0.1111111111111111,1.0
yolo11n,0,val,subject_11,hand_over_mouth,16,3,0.5436040044493883,1.0,1.0,0.8125,0.0625,0.8125
yolo11n,0,val,subject_11,drinking,23,4,0.5436040044493883,1.0,1.0,1.0,0.8695652173913043,1.0
yolo11n,0,val,subject_11,phone_use,186,4,0.5436040044493883,0.978494623655914,0.9731182795698925,0.9731182795698925,0.34408602150537637,0.9731182795698925
yolo11n,0,test,subject_05,yawning,8,3,0.5436040044493883,1.0,1.0,1.0,0.5,1.0
yolo11n,0,test,subject_05,hand_over_mouth,6,2,0.5436040044493883,1.0,1.0,1.0,0.0,1.0
yolo11n,0,test,subject_05,drinking,16,4,0.5436040044493883,0.8125,0.8125,0.8125,0.3125,0.8125
yolo11n,0,test,subject_05,phone_use,148,4,0.5436040044493883,0.9932432432432432,0.9932432432432432,0.9932432432432432,0.8175675675675675,0.9932432432432432
yolo11n,0,test,subject_10,yawning,1,1,0.5436040044493883,1.0,1.0,1.0,0.0,1.0
yolo11n,0,test,subject_10,hand_over_mouth,0,0,0.5436040044493883,,,,,
yolo11n,0,test,subject_10,drinking,22,4,0.5436040044493883,1.0,1.0,1.0,0.9545454545454546,1.0
yolo11n,0,test,subject_10,phone_use,160,4,0.5436040044493883,0.6375,0.59375,0.5,0.0875,0.4625
yolo11n,0,test,subject_12,yawning,24,14,0.5436040044493883,0.9583333333333334,0.9583333333333334,0.7916666666666666,0.0,0.7916666666666666
yolo11n,0,test,subject_12,hand_over_mouth,22,13,0.5436040044493883,0.9090909090909091,0.9090909090909091,0.9090909090909091,0.5,0.9090909090909091
yolo11n,0,test,subject_12,drinking,18,4,0.5436040044493883,0.9444444444444444,0.9444444444444444,0.8888888888888888,0.6666666666666666,0.8888888888888888
yolo11n,0,test,subject_12,phone_use,189,4,0.5436040044493883,1.0,1.0,0.9947089947089947,0.8888888888888888,0.9841269841269841
yolo11n,1,val,subject_02,yawning,8,3,0.7554616240266964,1.0,1.0,1.0,1.0,1.0
yolo11n,1,val,subject_02,hand_over_mouth,6,2,0.7554616240266964,1.0,1.0,1.0,1.0,1.0
yolo11n,1,val,subject_02,drinking,12,4,0.7554616240266964,0.5833333333333334,0.5833333333333334,0.5833333333333334,0.5833333333333334,0.5833333333333334
yolo11n,1,val,subject_02,phone_use,131,4,0.7554616240266964,0.9770992366412213,0.9770992366412213,0.9770992366412213,0.9694656488549618,0.9694656488549618
yolo11n,1,val,subject_03,yawning,15,7,0.7554616240266964,0.6666666666666666,0.6,0.6,0.6,0.5333333333333333
yolo11n,1,val,subject_03,hand_over_mouth,8,2,0.7554616240266964,1.0,1.0,1.0,1.0,0.875
yolo11n,1,val,subject_03,drinking,19,4,0.7554616240266964,0.8947368421052632,0.7894736842105263,0.7894736842105263,0.6842105263157895,0.6842105263157895
yolo11n,1,val,subject_03,phone_use,206,4,0.7554616240266964,0.9902912621359223,0.9854368932038835,0.9854368932038835,0.9174757281553398,0.9174757281553398
yolo11n,1,val,subject_11,yawning,9,2,0.7554616240266964,1.0,1.0,1.0,1.0,1.0
yolo11n,1,val,subject_11,hand_over_mouth,16,3,0.7554616240266964,0.9375,0.875,0.8125,0.75,0.75
yolo11n,1,val,subject_11,drinking,23,4,0.7554616240266964,1.0,1.0,1.0,1.0,1.0
yolo11n,1,val,subject_11,phone_use,186,4,0.7554616240266964,0.978494623655914,0.978494623655914,0.956989247311828,0.6827956989247311,0.6236559139784946
yolo11n,1,test,subject_05,yawning,8,3,0.7554616240266964,1.0,1.0,0.875,0.5,0.5
yolo11n,1,test,subject_05,hand_over_mouth,6,2,0.7554616240266964,1.0,1.0,1.0,1.0,1.0
yolo11n,1,test,subject_05,drinking,16,4,0.7554616240266964,0.8125,0.8125,0.75,0.5,0.5
yolo11n,1,test,subject_05,phone_use,148,4,0.7554616240266964,0.9932432432432432,0.9932432432432432,0.9797297297297297,0.8445945945945946,0.831081081081081
yolo11n,1,test,subject_10,yawning,1,1,0.7554616240266964,1.0,0.0,0.0,0.0,0.0
yolo11n,1,test,subject_10,hand_over_mouth,0,0,0.7554616240266964,,,,,
yolo11n,1,test,subject_10,drinking,22,4,0.7554616240266964,1.0,1.0,1.0,1.0,1.0
yolo11n,1,test,subject_10,phone_use,160,4,0.7554616240266964,0.6375,0.575,0.45,0.1625,0.14375
yolo11n,1,test,subject_12,yawning,24,14,0.7554616240266964,0.9583333333333334,0.9166666666666666,0.75,0.4166666666666667,0.20833333333333334
yolo11n,1,test,subject_12,hand_over_mouth,22,13,0.7554616240266964,0.9545454545454546,0.9090909090909091,0.8636363636363636,0.7727272727272727,0.7727272727272727
yolo11n,1,test,subject_12,drinking,18,4,0.7554616240266964,1.0,0.9444444444444444,0.9444444444444444,0.8333333333333334,0.8333333333333334
yolo11n,1,test,subject_12,phone_use,189,4,0.7554616240266964,1.0,0.9841269841269841,0.9735449735449735,0.9153439153439153,0.9047619047619048
yolo11n,2,val,subject_02,yawning,8,3,0.7158620689655173,1.0,1.0,1.0,0.375,1.0
yolo11n,2,val,subject_02,hand_over_mouth,6,2,0.7158620689655173,1.0,1.0,1.0,1.0,1.0
yolo11n,2,val,subject_02,drinking,12,4,0.7158620689655173,0.6666666666666666,0.5833333333333334,0.5833333333333334,0.5833333333333334,0.5833333333333334
yolo11n,2,val,subject_02,phone_use,131,4,0.7158620689655173,0.9847328244274809,0.9847328244274809,0.9847328244274809,0.9770992366412213,0.9770992366412213
yolo11n,2,val,subject_03,yawning,15,7,0.7158620689655173,0.7333333333333333,0.6666666666666666,0.6,0.3333333333333333,0.6
yolo11n,2,val,subject_03,hand_over_mouth,8,2,0.7158620689655173,1.0,1.0,1.0,1.0,1.0
yolo11n,2,val,subject_03,drinking,19,4,0.7158620689655173,0.7894736842105263,0.7894736842105263,0.7894736842105263,0.6842105263157895,0.6842105263157895
yolo11n,2,val,subject_03,phone_use,206,4,0.7158620689655173,0.9805825242718447,0.9757281553398058,0.9757281553398058,0.9223300970873787,0.9466019417475728
yolo11n,2,val,subject_11,yawning,9,2,0.7158620689655173,1.0,1.0,1.0,0.3333333333333333,0.8888888888888888
yolo11n,2,val,subject_11,hand_over_mouth,16,3,0.7158620689655173,0.9375,0.8125,0.8125,0.5625,0.625
yolo11n,2,val,subject_11,drinking,23,4,0.7158620689655173,1.0,1.0,1.0,1.0,1.0
yolo11n,2,val,subject_11,phone_use,186,4,0.7158620689655173,0.9731182795698925,0.9623655913978495,0.9301075268817204,0.7795698924731183,0.8494623655913979
yolo11n,2,test,subject_05,yawning,8,3,0.7158620689655173,1.0,1.0,1.0,0.75,0.875
yolo11n,2,test,subject_05,hand_over_mouth,6,2,0.7158620689655173,1.0,1.0,1.0,1.0,1.0
yolo11n,2,test,subject_05,drinking,16,4,0.7158620689655173,0.875,0.875,0.875,0.6875,0.75
yolo11n,2,test,subject_05,phone_use,148,4,0.7158620689655173,0.9932432432432432,0.9932432432432432,0.9932432432432432,0.8581081081081081,0.918918918918919
yolo11n,2,test,subject_10,yawning,1,1,0.7158620689655173,0.0,0.0,0.0,0.0,0.0
yolo11n,2,test,subject_10,hand_over_mouth,0,0,0.7158620689655173,,,,,
yolo11n,2,test,subject_10,drinking,22,4,0.7158620689655173,1.0,1.0,1.0,1.0,1.0
yolo11n,2,test,subject_10,phone_use,160,4,0.7158620689655173,0.6625,0.58125,0.525,0.16875,0.3
yolo11n,2,test,subject_12,yawning,24,14,0.7158620689655173,0.9583333333333334,0.9166666666666666,0.7916666666666666,0.08333333333333333,0.4583333333333333
yolo11n,2,test,subject_12,hand_over_mouth,22,13,0.7158620689655173,1.0,0.9545454545454546,0.9545454545454546,0.9090909090909091,0.9090909090909091
yolo11n,2,test,subject_12,drinking,18,4,0.7158620689655173,0.9444444444444444,0.9444444444444444,0.8333333333333334,0.8333333333333334,0.8333333333333334
yolo11n,2,test,subject_12,phone_use,189,4,0.7158620689655173,1.0,1.0,1.0,0.9682539682539683,0.9788359788359788
