model,prune_ratio,seed,test_mAP50,test_min_AP50,test_worst_rec_p80,test_worst_rec_p90,test_worst_rec_fp05,pooled_mAP50,pooled_min_AP50,pooled_worst_rec_p80,pooled_worst_rec_p90,pooled_worst_rec_fp05
yolo11n,0%,0,0.9269775660435762,0.9129282325833559,0.8928571428571429,0.7321428571428571,0.8732394366197183,0.9339486398269151,0.9051558629333009,0.9,0.7586206896551724,0.9272727272727272
yolo11n,0%,1,0.942688967749612,0.9144546850998462,0.937625754527163,0.6666666666666666,0.8732394366197183,0.943620952684003,0.9191323571294862,0.8818181818181818,0.7692307692307693,0.9272727272727272
yolo11n,0%,2,0.943957453871675,0.9191048580734489,0.8928571428571429,0.7857142857142857,0.9054325955734407,0.931693223736539,0.9064747811606274,0.8923076923076924,0.6206896551724138,0.9272727272727272
yolo11n,0%,3,0.9402678918795025,0.926081585081585,0.9195171026156942,0.8812877263581489,0.8672032193158954,0.9430478396128987,0.9125991124490929,0.9,0.8545454545454545,0.9272727272727272
yolo11n,0%,4,0.9536964503893968,0.9377065427993059,0.9456740442655935,0.75,0.8873239436619719,0.9492880964154804,0.9255408859169785,0.9076923076923077,0.8461538461538461,0.95
yolo11n,10%,0,0.9374524231544845,0.9202566098854166,0.8873239436619719,0.8214285714285714,0.8329979879275654,0.9344875173339817,0.9164238582399999,0.8923076923076924,0.8307692307692308,0.8803921568627451
yolo11n,10%,1,0.9391118225642009,0.918234563849668,0.9114688128772636,0.6785714285714286,0.8329979879275654,0.9398117546466936,0.9241435610490449,0.9137931034482759,0.7692307692307693,0.9181818181818182
yolo11n,10%,2,0.9533387564667699,0.9320145348052322,0.8928571428571429,0.8181818181818182,0.8913480885311871,0.9504658237083344,0.9245711878785802,0.9181818181818182,0.8153846153846154,0.9363636363636364
yolo11n,20%,0,0.9452950491361625,0.9227371053189235,0.9114688128772636,0.7575757575757576,0.8531187122736419,0.9502445166925985,0.9413901501775787,0.9363636363636364,0.8307692307692308,0.9274509803921569
yolo11n,20%,1,0.9465197929392675,0.9189834586466167,0.9396378269617707,0.696969696969697,0.8933601609657947,0.9404904321034624,0.9251960502336501,0.9137931034482759,0.7692307692307693,0.9225490196078432
yolo11n,20%,2,0.9356594162372667,0.9038740123171936,0.903420523138833,0.75,0.8651911468812877,0.945404935706886,0.9353865384199039,0.9272727272727272,0.8769230769230769,0.9294117647058824
yolo11n,30%,0,0.9281093706776382,0.9147016631474052,0.8651911468812877,0.6363636363636364,0.8169014084507042,0.9375816437579956,0.923444227002751,0.9,0.7846153846153846,0.8921568627450981
yolo11n,30%,1,0.9415440902473091,0.9181180066652639,0.9154929577464789,0.8181818181818182,0.8591549295774648,0.9382486841054931,0.9202925612360454,0.896551724137931,0.8307692307692308,0.9245098039215687
yolo11n,30%,2,0.9362404613519422,0.8995694795753748,0.9195171026156942,0.5454545454545454,0.869215291750503,0.9311774948404614,0.9146085878694501,0.9,0.8620689655172413,0.9181818181818182
yolo11n,40%,0,0.9342645232419514,0.909226275879293,0.9090909090909091,0.6060606060606061,0.8571428571428571,0.9317240699432014,0.9023595338155035,0.8461538461538461,0.7384615384615385,0.9230769230769231
yolo11n,40%,1,0.9333016457685595,0.8958563563750468,0.8928571428571429,0.7142857142857143,0.869215291750503,0.9346796096581652,0.9171451620585026,0.896551724137931,0.7846153846153846,0.9090909090909091
yolo11n,40%,2,0.9449918847338558,0.9318074405088946,0.8928571428571429,0.696969696969697,0.8470824949698189,0.9436204370741736,0.9222563283364887,0.9,0.8448275862068966,0.9176470588235294
yolo11n,50%,0,0.9283181336860418,0.8909041523153461,0.93158953722334,0.6428571428571429,0.903420523138833,0.9428367908499142,0.9141010491776759,0.8769230769230769,0.8,0.9384615384615385
yolo11n,50%,1,0.9341912176746895,0.9040711588142524,0.8928571428571429,0.6060606060606061,0.8470824949698189,0.9413184046624119,0.922340159016981,0.896551724137931,0.7846153846153846,0.9272727272727272
yolo11n,50%,2,0.9382579549034755,0.9233355888093687,0.8928571428571429,0.6785714285714286,0.8370221327967807,0.9425659021725149,0.9156314449729599,0.8909090909090909,0.8615384615384616,0.9176470588235294
yolo26n,0%,0,0.9095069836482227,0.8720109373398998,0.8484848484848485,0.696969696969697,0.8470824949698189,0.9209069756762644,0.8871586181734433,0.8923076923076924,0.7846153846153846,0.9186274509803921
yolo26n,0%,1,0.9261569908971243,0.8506743877268493,0.8484848484848485,0.3333333333333333,0.8873239436619719,0.9316964669138204,0.881266847822724,0.8307692307692308,0.7230769230769231,0.9401960784313725
yolo26n,0%,2,0.9429015509230524,0.9180666662329043,0.8928571428571429,0.6666666666666666,0.8792756539235412,0.9378747855965324,0.9100950089482331,0.8769230769230769,0.7538461538461538,0.9333333333333333
yolo26n,0%,3,0.9292175792479609,0.8640757958048979,0.8571428571428571,0.6666666666666666,0.89738430583501,0.9267099755234122,0.8736673660194262,0.8275862068965517,0.7692307692307693,0.9076923076923077
yolo26n,10%,0,0.9241505924381501,0.8794874514286409,0.8484848484848485,0.6666666666666666,0.869215291750503,0.9389727373656425,0.9199632847773707,0.8769230769230769,0.8307692307692308,0.9294117647058824
yolo26n,10%,1,0.9179747824317285,0.8725053894082793,0.7878787878787878,0.6363636363636364,0.8551307847082495,0.939531805402386,0.9023143070826093,0.8461538461538461,0.8307692307692308,0.9264705882352942
yolo26n,10%,2,0.9218943706831164,0.869869798151292,0.9090909090909091,0.39285714285714285,0.8631790744466801,0.9329149736060439,0.8994629954004432,0.8769230769230769,0.6923076923076923,0.9186274509803921
yolo26n,20%,0,0.9178459332617603,0.8747563946781186,0.7272727272727273,0.6428571428571429,0.8933601609657947,0.9308561521563057,0.9069980939171487,0.8615384615384616,0.7846153846153846,0.9310344827586207
yolo26n,20%,1,0.9224180771841137,0.8475253942566446,0.8181818181818182,0.09090909090909091,0.8832997987927566,0.9286471879993876,0.8856377490762248,0.8769230769230769,0.7413793103448276,0.9431372549019608
yolo26n,20%,2,0.9239708512118576,0.8655347353984914,0.8181818181818182,0.6666666666666666,0.8470824949698189,0.9245984532668974,0.8891436060346455,0.8307692307692308,0.6551724137931034,0.9156862745098039
yolo26n,30%,0,0.9205335770194187,0.8570545481260263,0.6363636363636364,0.6060606060606061,0.8631790744466801,0.9336459712761667,0.899394843499862,0.8153846153846154,0.7230769230769231,0.9254901960784314
yolo26n,30%,1,0.9238022016001013,0.8554370010129022,0.7575757575757576,0.6666666666666666,0.8591549295774648,0.9359284687004272,0.9033834589835334,0.8461538461538461,0.7692307692307693,0.9284313725490196
yolo26n,30%,2,0.9303680655802536,0.8662542656860402,0.6060606060606061,0.5757575757575758,0.8511066398390342,0.9287781182629907,0.8902062887950178,0.7076923076923077,0.6461538461538462,0.9254901960784314
yolo26n,40%,0,0.9217624330918549,0.8735561472137703,0.8571428571428571,0.6428571428571429,0.8531187122736419,0.9331995386466585,0.9104687456341867,0.9137931034482759,0.8,0.9127450980392157
yolo26n,40%,1,0.942887765747477,0.9130822322365586,0.8484848484848485,0.696969696969697,0.8792756539235412,0.9453297530427369,0.9202399824909212,0.9272727272727272,0.6896551724137931,0.9362745098039216
yolo26n,40%,2,0.9058691248260234,0.8615410737979404,0.8484848484848485,0.3939393939393939,0.8048289738430584,0.9371698805863778,0.9128680695166579,0.9181818181818182,0.7384615384615385,0.9009803921568628
yolo26n,50%,0,0.9228501989757714,0.8366124546076694,0.7272727272727273,0.3939393939393939,0.8591549295774648,0.9222588175251893,0.8570778629517097,0.7538461538461538,0.5538461538461539,0.9225490196078432
yolo26n,50%,1,0.9253954850782788,0.8417204236028449,0.6363636363636364,0.3939393939393939,0.89738430583501,0.9267308930686711,0.8695881175912344,0.7538461538461538,0.6153846153846154,0.9181818181818182
yolo26n,50%,2,0.9135109422101809,0.8869866258566769,0.8571428571428571,0.3939393939393939,0.8370221327967807,0.9225896397850346,0.8932974742921912,0.896551724137931,0.5538461538461539,0.9
