model,seed,delta_pp,R_base,R_floor,tau_star,test_min_recall,test_margin_pp,test_precision,test_fp_per_img,passed
yolo11n,0,5,0.8703703703703703,0.8203703703703703,0.4941045606229144,0.8390342052313883,1.866383486101797,0.9288256227758007,0.06514657980456026,True
yolo11n,0,10,0.8703703703703703,0.7703703703703704,0.6485428253615129,0.7272727272727273,-4.309764309764308,0.9500998003992016,0.04071661237785016,False
yolo11n,0,15,0.8703703703703703,0.7203703703703703,0.6693325917686319,0.6666666666666666,-5.37037037037037,0.9628099173553719,0.029315960912052116,False
yolo11n,0,20,0.8703703703703703,0.6703703703703703,0.6802224694104562,0.6666666666666666,-0.37037037037036535,0.9643605870020965,0.02768729641693811,False
yolo11n,1,5,0.8125,0.7625,0.7554616240266964,0.2727272727272727,-48.97727272727273,0.9899497487437185,0.006514657980456026,False
yolo11n,1,10,0.8125,0.7125,0.7663515016685206,0.18181818181818182,-53.06818181818183,0.992,0.004885993485342019,False
yolo11n,1,15,0.8125,0.6625,0.7703114571746386,0.12121212121212122,-54.128787878787875,0.9918256130790191,0.004885993485342019,False
yolo11n,1,20,0.8125,0.6125,0.7762513904338154,0.12121212121212122,-49.12878787878788,0.9970501474926253,0.0016286644951140066,False
yolo11n,2,5,0.8333333333333334,0.7833333333333333,0.7148720800889878,0.5454545454545454,-23.787878787878793,0.9685534591194969,0.024429967426710098,False
yolo11n,2,10,0.8333333333333334,0.7333333333333334,0.7178420467185762,0.5151515151515151,-21.818181818181827,0.968421052631579,0.024429967426710098,False
yolo11n,2,15,0.8333333333333334,0.6833333333333333,0.7237819799777532,0.45454545454545453,-22.878787878787882,0.9680170575692963,0.024429967426710098,False
yolo11n,2,20,0.8333333333333334,0.6333333333333333,0.7287319243604005,0.42424242424242425,-20.909090909090907,0.9696969696969697,0.02280130293159609,False
yolo26n,0,5,0.84375,0.79375,0.4673748609566185,0.8008048289738431,0.705482897384313,0.9454887218045113,0.04723127035830619,True
yolo26n,0,10,0.84375,0.74375,0.6277530589543938,0.7575757575757576,1.3825757575757547,0.9545454545454546,0.03745928338762215,True
yolo26n,0,15,0.84375,0.69375,0.686162402669633,0.6666666666666666,-2.708333333333335,0.9613034623217923,0.030944625407166124,False
yolo26n,0,20,0.84375,0.64375,0.7970411568409345,0.45454545454545453,-18.92045454545455,0.9701834862385321,0.021172638436482084,False
yolo26n,1,5,0.84375,0.79375,0.6119132369299222,0.5757575757575758,-21.799242424242415,0.9666666666666667,0.02768729641693811,False
yolo26n,1,10,0.84375,0.74375,0.6851724137931036,0.5151515151515151,-22.859848484848488,0.9696356275303644,0.024429967426710098,False
yolo26n,1,15,0.84375,0.69375,0.6891323692992214,0.5151515151515151,-17.859848484848484,0.9696356275303644,0.024429967426710098,False
yolo26n,1,20,0.84375,0.64375,0.7267519466073415,0.45454545454545453,-18.92045454545455,0.9732510288065843,0.021172638436482084,False
yolo26n,2,5,0.8518518518518519,0.8018518518518518,0.4713348164627364,0.7575757575757576,-4.427609427609425,0.9504587155963303,0.043973941368078175,False
yolo26n,2,10,0.8518518518518519,0.7518518518518519,0.5861735261401558,0.7272727272727273,-2.457912457912459,0.9547169811320755,0.03908794788273615,False
yolo26n,2,15,0.8518518518518519,0.7018518518518518,0.7782313681868743,0.5151515151515151,-18.67003367003367,0.9735099337748344,0.019543973941368076,False
yolo26n,2,20,0.8518518518518519,0.6518518518518519,0.8019911012235819,0.45454545454545453,-19.730639730639737,0.9815668202764977,0.013029315960912053,False
