model,seed,tau_star,delta,tau_eval,test_worst_recall,worst_class,margin_pp,passed
yolo11n,0,0.49472,-0.02,0.47472,0.8410462776659959,phone_use,2.067590729562563,True
yolo11n,0,0.49472,0.0,0.49472,0.8390342052313883,phone_use,1.866383486101797,True
yolo11n,0,0.49472,0.02,0.51472,0.8289738430583501,phone_use,0.8603472687979785,True
yolo11n,1,0.75582,-0.02,0.73582,0.45454545454545453,yawning,-30.795454545454543,False
yolo11n,1,0.75582,0.0,0.75582,0.2727272727272727,yawning,-48.97727272727273,False
yolo11n,1,0.75582,0.02,0.7758200000000001,0.12121212121212122,yawning,-64.12878787878788,False
yolo11n,2,0.7152,-0.02,0.6951999999999999,0.6363636363636364,yawning,-14.696969696969697,False
yolo11n,2,0.7152,0.0,0.7152,0.5454545454545454,yawning,-23.787878787878793,False
yolo11n,2,0.7152,0.02,0.7352,0.42424242424242425,yawning,-35.90909090909091,False
yolo11n,3,0.73475,-0.02,0.71475,0.6901408450704225,phone_use,-11.171100678142931,False
yolo11n,3,0.73475,0.0,0.73475,0.6639839034205232,phone_use,-13.786794843132865,False
yolo11n,3,0.73475,0.02,0.75475,0.6338028169014085,phone_use,-16.804903495044332,False
yolo11n,4,0.764,-0.02,0.744,0.6363636363636364,yawning,-12.61363636363636,False
yolo11n,4,0.764,0.0,0.764,0.5454545454545454,yawning,-21.704545454545453,False
yolo11n,4,0.764,0.02,0.784,0.3939393939393939,yawning,-36.8560606060606,False
yolo26n,0,0.46751,-0.02,0.44750999999999996,0.806841046277666,phone_use,1.3091046277665996,True
yolo26n,0,0.46751,0.0,0.46751,0.8008048289738431,phone_use,0.705482897384313,True
yolo26n,0,0.46751,0.02,0.48751,0.7987927565392354,phone_use,0.5042756539235471,True
yolo26n,1,0.61192,-0.02,0.59192,0.5757575757575758,yawning,-21.799242424242415,False
yolo26n,1,0.61192,0.0,0.61192,0.5757575757575758,yawning,-21.799242424242415,False
yolo26n,1,0.61192,0.02,0.63192,0.5757575757575758,yawning,-21.799242424242415,False
yolo26n,2,0.47203,-0.02,0.45203,0.7575757575757576,yawning,-4.427609427609425,False
yolo26n,2,0.47203,0.0,0.47203,0.7575757575757576,yawning,-4.427609427609425,False
yolo26n,2,0.47203,0.02,0.49203,0.7272727272727273,yawning,-7.457912457912452,False
