model,prune_ratio,seed,diff_mAP50,diff_min_AP50,diff_mean_rec_p80,diff_min_rec_p80,diff_mean_rec_p90,diff_min_rec_p90
yolo11n,10%,0,0.010474857110908231,0.007328377302060596,-0.016786324004633757,-0.005533199195171035,0.05419829583561986,0.0892857142857143
yolo11n,10%,1,-0.00357714518541119,0.0037798787498217745,-0.003427763551003271,-0.026156941649899457,-0.033734604597280615,0.011904761904761973
yolo11n,10%,2,0.009381302595095065,0.012909676731783448,0.015151515151515249,0.0,0.01433601609657953,0.032467532467532534
yolo11n,20%,0,0.018317483092586184,0.00980887273556763,0.0253700231693188,0.018611670020120652,0.05174989329918911,0.025432900432900474
yolo11n,20%,1,0.0038308251896556067,0.004528773546770615,0.00496730382293753,0.00201207243460777,0.01210292055362483,0.030303030303030387
yolo11n,20%,2,-0.008298037634408173,-0.015230845756255218,0.006600207304432892,0.010563380281690127,-0.008804722273031973,-0.0357142857142857
yolo11n,30%,0,0.0011318046340620391,0.0017734305640492165,-0.004056536186817783,-0.027665995975855173,-0.02137255350283518,-0.09577922077922074
yolo11n,30%,1,-0.0011448775023027435,0.003663321565417821,-0.0068860130479849735,-0.02213279678068425,0.047247500152429844,0.1515151515151516
yolo11n,30%,2,-0.0077169925197327904,-0.019535378498073963,0.022664395463691256,0.026659959758551288,-0.08069439363453434,-0.24025974025974028
yolo11n,40%,0,0.0072869571983752435,-0.0037019567040629253,0.00019053716236805407,0.016233766233766267,-0.008387445887445888,-0.12608225108225102
yolo11n,40%,1,-0.00938732198105241,-0.018598328724799384,-0.01581458447655637,-0.04476861167002011,-0.01499908542162065,0.04761904761904767
yolo11n,40%,2,0.0010344308621808018,0.012702582435445864,-0.00022292847997074094,0.0,-0.05186993171148091,-0.08874458874458868
yolo11n,50%,0,0.0013405676424655955,-0.022024080268009838,0.015248689104322866,0.03873239436619713,-0.016784418633010167,-0.08928571428571419
yolo11n,50%,1,-0.008497750074922372,-0.010383526285593803,-0.01886317907444679,-0.04476861167002011,-0.057845177123346136,-0.06060606060606055
yolo11n,50%,2,-0.0056994989681993236,0.004230730735920063,-0.0023283641241387265,0.0,-0.03867142247423938,-0.1071428571428571
yolo26n,10%,0,0.01464360878992721,0.007476514088741171,0.0005030181086516095,0.0,-0.013486220352417533,-0.030303030303030387
yolo26n,10%,1,-0.00818220846539608,0.02183100168142993,-0.049482501067008244,-0.06060606060606066,0.06173594597890375,0.30303030303030304
yolo26n,10%,2,-0.021007180239935974,-0.0481968680816125,0.0035211267605633756,0.016233766233766267,-0.1840036430705445,-0.27380952380952384
yolo26n,20%,0,0.00833894961353765,0.0027454573382188485,-0.03218934821047503,-0.12121212121212122,-0.016222334004024175,-0.05411255411255411
yolo26n,20%,1,-0.0037389137130108274,-0.0031489934702046973,-0.011034007072739604,-0.030303030303030276,-0.03583241875495391,-0.24242424242424243
yolo26n,20%,2,-0.018930699711194765,-0.0525319308344131,-0.03567998902505953,-0.07467532467532467,-0.05218812877263579,0.0
yolo26n,30%,0,0.011026593371196047,-0.014956389213873433,-0.05655142979086658,-0.21212121212121215,0.010534799707334841,-0.09090909090909094
yolo26n,30%,1,-0.002354789297023263,0.004762613286052875,-0.03561711176147797,-0.09090909090909094,0.11546361502347424,0.3333333333333333
yolo26n,30%,2,-0.012533485342798745,-0.0518124005468642,-0.08028473873544306,-0.2867965367965368,-0.03467395280775565,-0.09090909090909083
yolo26n,40%,0,0.012255449443631994,0.0015452098738705233,0.004117508078775645,0.008658008658008587,-0.009778367172733282,-0.05411255411255411
yolo26n,40%,1,0.01673077485035257,0.062407844509709265,-0.013392857142857206,0.0,0.10675416133162619,0.3636363636363637
yolo26n,40%,2,-0.03703242609702895,-0.05652559243496402,-0.025274754588134773,-0.044372294372294396,-0.18299570148161703,-0.2727272727272727
yolo26n,50%,0,0.013343215327548563,-0.03539848273223034,-0.0064725474056460675,-0.12121212121212122,-0.0534361471861472,-0.3030303030303031
yolo26n,50%,1,-0.0007615058188455981,-0.008953964124004399,-0.051018230595695435,-0.21212121212121215,0.0548270684714347,0.06060606060606061
yolo26n,50%,2,-0.02939060871287158,-0.03108004037622758,-0.017260761538930636,-0.03571428571428581,-0.13376280409731112,-0.2727272727272727
