model,seed,subject,split,is_train,class_name,gt_boxes,gt_frames,gt_events,tau_star,recall_10,recall_25,recall_50,recall_75,recall_tau_star
yolo11n,0,subject_01,train,True,yawning,11,11,3,0.49472,1.0,0.9090909090909091,0.8181818181818182,0.0,0.8181818181818182
yolo11n,0,subject_01,train,True,hand_over_mouth,13,13,4,0.49472,1.0,1.0,1.0,0.6923076923076923,1.0
yolo11n,0,subject_01,train,True,drinking,22,22,4,0.49472,1.0,1.0,1.0,1.0,1.0
yolo11n,0,subject_01,train,True,phone_use,169,169,5,0.49472,0.9940828402366864,0.9940828402366864,0.9940828402366864,0.9940828402366864,0.9940828402366864
yolo11n,0,subject_02,val,False,yawning,8,8,3,0.49472,1.0,1.0,1.0,0.125,1.0
yolo11n,0,subject_02,val,False,hand_over_mouth,6,6,2,0.49472,1.0,1.0,1.0,0.8333333333333334,1.0
yolo11n,0,subject_02,val,False,drinking,12,12,4,0.49472,0.6666666666666666,0.5833333333333334,0.5833333333333334,0.5,0.5833333333333334
yolo11n,0,subject_02,val,False,phone_use,131,131,4,0.49472,0.9847328244274809,0.9770992366412213,0.9770992366412213,0.9770992366412213,0.9770992366412213
yolo11n,0,subject_03,val,False,yawning,15,15,7,0.49472,0.9333333333333333,0.7333333333333333,0.6666666666666666,0.06666666666666667,0.6666666666666666
yolo11n,0,subject_03,val,False,hand_over_mouth,8,8,2,0.49472,1.0,1.0,1.0,0.0,1.0
yolo11n,0,subject_03,val,False,drinking,19,19,4,0.49472,0.8947368421052632,0.8947368421052632,0.7368421052631579,0.631578947368421,0.7894736842105263
yolo11n,0,subject_03,val,False,phone_use,206,206,4,0.49472,0.9902912621359223,0.9854368932038835,0.9805825242718447,0.8980582524271845,0.9805825242718447
yolo11n,0,subject_04,train,True,yawning,14,14,3,0.49472,1.0,1.0,1.0,0.0,1.0
yolo11n,0,subject_04,train,True,hand_over_mouth,11,11,3,0.49472,1.0,1.0,1.0,0.45454545454545453,1.0
yolo11n,0,subject_04,train,True,drinking,13,13,4,0.49472,1.0,1.0,1.0,0.7692307692307693,1.0
yolo11n,0,subject_04,train,True,phone_use,162,162,5,0.49472,1.0,1.0,1.0,1.0,1.0
yolo11n,0,subject_05,test,False,yawning,8,8,3,0.49472,1.0,1.0,1.0,0.5,1.0
yolo11n,0,subject_05,test,False,hand_over_mouth,6,6,2,0.49472,1.0,1.0,1.0,0.0,1.0
yolo11n,0,subject_05,test,False,drinking,16,16,4,0.49472,0.8125,0.8125,0.8125,0.3125,0.8125
yolo11n,0,subject_05,test,False,phone_use,148,148,4,0.49472,0.9932432432432432,0.9932432432432432,0.9932432432432432,0.8175675675675675,0.9932432432432432
yolo11n,0,subject_06,train,True,yawning,13,13,5,0.49472,1.0,0.9230769230769231,0.8461538461538461,0.07692307692307693,0.8461538461538461
yolo11n,0,subject_06,train,True,hand_over_mouth,15,15,3,0.49472,1.0,1.0,1.0,0.2,1.0
yolo11n,0,subject_06,train,True,drinking,24,24,4,0.49472,1.0,1.0,1.0,1.0,1.0
yolo11n,0,subject_06,train,True,phone_use,252,252,4,0.49472,1.0,1.0,1.0,0.996031746031746,1.0
yolo11n,0,subject_07,train,True,yawning,11,11,4,0.49472,0.9090909090909091,0.9090909090909091,0.9090909090909091,0.0,0.9090909090909091
yolo11n,0,subject_07,train,True,hand_over_mouth,5,5,2,0.49472,1.0,1.0,1.0,1.0,1.0
yolo11n,0,subject_07,train,True,drinking,7,7,4,0.49472,1.0,1.0,1.0,1.0,1.0
yolo11n,0,subject_07,train,True,phone_use,121,121,4,0.49472,1.0,0.9917355371900827,0.9834710743801653,0.9008264462809917,0.9834710743801653
yolo11n,0,subject_08,train,True,yawning,4,4,2,0.49472,1.0,1.0,1.0,0.0,1.0
yolo11n,0,subject_08,train,True,hand_over_mouth,8,8,3,0.49472,1.0,1.0,1.0,0.625,1.0
yolo11n,0,subject_08,train,True,drinking,26,26,4,0.49472,1.0,0.9615384615384616,0.9615384615384616,0.6923076923076923,0.9615384615384616
yolo11n,0,subject_08,train,True,phone_use,157,157,4,0.49472,1.0,1.0,1.0,0.8980891719745223,1.0
yolo11n,0,subject_09,train,True,yawning,25,25,8,0.49472,1.0,1.0,1.0,0.0,1.0
yolo11n,0,subject_09,train,True,hand_over_mouth,20,20,3,0.49472,1.0,1.0,1.0,0.2,1.0
yolo11n,0,subject_09,train,True,drinking,30,30,5,0.49472,1.0,1.0,1.0,0.9333333333333333,1.0
yolo11n,0,subject_09,train,True,phone_use,164,164,4,0.49472,1.0,0.9939024390243902,0.9939024390243902,0.8292682926829268,0.9939024390243902
yolo11n,0,subject_10,test,False,yawning,1,1,1,0.49472,1.0,1.0,1.0,0.0,1.0
yolo11n,0,subject_10,test,False,hand_over_mouth,0,0,0,0.49472,,,,,
yolo11n,0,subject_10,test,False,drinking,22,22,4,0.49472,1.0,1.0,1.0,0.9545454545454546,1.0
yolo11n,0,subject_10,test,False,phone_use,160,160,4,0.49472,0.6375,0.59375,0.5,0.0875,0.50625
yolo11n,0,subject_11,val,False,yawning,9,9,2,0.49472,1.0,1.0,1.0,0.1111111111111111,1.0
yolo11n,0,subject_11,val,False,hand_over_mouth,16,16,3,0.49472,1.0,1.0,0.8125,0.0625,0.8125
yolo11n,0,subject_11,val,False,drinking,23,23,4,0.49472,1.0,1.0,1.0,0.8695652173913043,1.0
yolo11n,0,subject_11,val,False,phone_use,186,186,4,0.49472,0.978494623655914,0.9731182795698925,0.9731182795698925,0.34408602150537637,0.9731182795698925
yolo11n,0,subject_12,test,False,yawning,24,24,14,0.49472,0.9583333333333334,0.9583333333333334,0.7916666666666666,0.0,0.7916666666666666
yolo11n,0,subject_12,test,False,hand_over_mouth,22,22,13,0.49472,0.9090909090909091,0.9090909090909091,0.9090909090909091,0.5,0.9090909090909091
yolo11n,0,subject_12,test,False,drinking,18,18,4,0.49472,0.9444444444444444,0.9444444444444444,0.8888888888888888,0.6666666666666666,0.8888888888888888
yolo11n,0,subject_12,test,False,phone_use,189,189,4,0.49472,1.0,1.0,0.9947089947089947,0.8888888888888888,1.0
yolo11n,0,subject_13,train,True,yawning,9,9,4,0.49472,1.0,1.0,1.0,0.0,1.0
yolo11n,0,subject_13,train,True,hand_over_mouth,6,6,2,0.49472,1.0,1.0,1.0,1.0,1.0
yolo11n,0,subject_13,train,True,drinking,16,16,4,0.49472,1.0,1.0,1.0,0.875,1.0
yolo11n,0,subject_13,train,True,phone_use,217,217,4,0.49472,1.0,1.0,1.0,1.0,1.0
yolo11n,0,subject_14,train,True,yawning,7,7,4,0.49472,1.0,1.0,0.8571428571428571,0.14285714285714285,0.8571428571428571
yolo11n,0,subject_14,train,True,hand_over_mouth,5,5,2,0.49472,1.0,1.0,1.0,1.0,1.0
yolo11n,0,subject_14,train,True,drinking,16,16,4,0.49472,1.0,1.0,0.9375,0.875,0.9375
yolo11n,0,subject_14,train,True,phone_use,175,175,4,0.49472,1.0,1.0,1.0,1.0,1.0
yolo11n,1,subject_01,train,True,yawning,11,11,3,0.75582,1.0,1.0,0.8181818181818182,0.7272727272727273,0.7272727272727273
yolo11n,1,subject_01,train,True,hand_over_mouth,13,13,4,0.75582,1.0,1.0,1.0,1.0,1.0
yolo11n,1,subject_01,train,True,drinking,22,22,4,0.75582,1.0,1.0,1.0,1.0,1.0
yolo11n,1,subject_01,train,True,phone_use,169,169,5,0.75582,0.9940828402366864,0.9940828402366864,0.9940828402366864,0.9940828402366864,0.9940828402366864
yolo11n,1,subject_02,val,False,yawning,8,8,3,0.75582,1.0,1.0,1.0,1.0,1.0
yolo11n,1,subject_02,val,False,hand_over_mouth,6,6,2,0.75582,1.0,1.0,1.0,1.0,1.0
yolo11n,1,subject_02,val,False,drinking,12,12,4,0.75582,0.5833333333333334,0.5833333333333334,0.5833333333333334,0.5833333333333334,0.5833333333333334
yolo11n,1,subject_02,val,False,phone_use,131,131,4,0.75582,0.9770992366412213,0.9770992366412213,0.9770992366412213,0.9694656488549618,0.9694656488549618
yolo11n,1,subject_03,val,False,yawning,15,15,7,0.75582,0.6666666666666666,0.6,0.6,0.6,0.5333333333333333
yolo11n,1,subject_03,val,False,hand_over_mouth,8,8,2,0.75582,1.0,1.0,1.0,1.0,0.875
yolo11n,1,subject_03,val,False,drinking,19,19,4,0.75582,0.8947368421052632,0.7894736842105263,0.7894736842105263,0.6842105263157895,0.6842105263157895
yolo11n,1,subject_03,val,False,phone_use,206,206,4,0.75582,0.9902912621359223,0.9854368932038835,0.9854368932038835,0.9174757281553398,0.9174757281553398
yolo11n,1,subject_04,train,True,yawning,14,14,3,0.75582,1.0,1.0,1.0,0.9285714285714286,0.9285714285714286
yolo11n,1,subject_04,train,True,hand_over_mouth,11,11,3,0.75582,1.0,1.0,1.0,0.6363636363636364,0.6363636363636364
yolo11n,1,subject_04,train,True,drinking,13,13,4,0.75582,1.0,1.0,1.0,1.0,1.0
yolo11n,1,subject_04,train,True,phone_use,162,162,5,0.75582,1.0,1.0,1.0,1.0,1.0
yolo11n,1,subject_05,test,False,yawning,8,8,3,0.75582,1.0,1.0,0.875,0.5,0.5
yolo11n,1,subject_05,test,False,hand_over_mouth,6,6,2,0.75582,1.0,1.0,1.0,1.0,1.0
yolo11n,1,subject_05,test,False,drinking,16,16,4,0.75582,0.8125,0.8125,0.75,0.5,0.5
yolo11n,1,subject_05,test,False,phone_use,148,148,4,0.75582,0.9932432432432432,0.9932432432432432,0.9797297297297297,0.8445945945945946,0.831081081081081
yolo11n,1,subject_06,train,True,yawning,13,13,5,0.75582,1.0,1.0,0.9230769230769231,0.7692307692307693,0.7692307692307693
yolo11n,1,subject_06,train,True,hand_over_mouth,15,15,3,0.75582,1.0,1.0,1.0,0.9333333333333333,0.9333333333333333
yolo11n,1,subject_06,train,True,drinking,24,24,4,0.75582,1.0,1.0,1.0,1.0,1.0
yolo11n,1,subject_06,train,True,phone_use,252,252,4,0.75582,1.0,1.0,1.0,1.0,1.0
yolo11n,1,subject_07,train,True,yawning,11,11,4,0.75582,1.0,0.9090909090909091,0.9090909090909091,0.8181818181818182,0.7272727272727273
yolo11n,1,subject_07,train,True,hand_over_mouth,5,5,2,0.75582,1.0,1.0,1.0,1.0,1.0
yolo11n,1,subject_07,train,True,drinking,7,7,4,0.75582,1.0,1.0,1.0,1.0,1.0
yolo11n,1,subject_07,train,True,phone_use,121,121,4,0.75582,1.0,0.9917355371900827,0.9917355371900827,0.9834710743801653,0.9834710743801653
yolo11n,1,subject_08,train,True,yawning,4,4,2,0.75582,1.0,1.0,1.0,0.5,0.5
yolo11n,1,subject_08,train,True,hand_over_mouth,8,8,3,0.75582,1.0,1.0,1.0,1.0,1.0
yolo11n,1,subject_08,train,True,drinking,26,26,4,0.75582,1.0,1.0,1.0,0.9615384615384616,0.9230769230769231
yolo11n,1,subject_08,train,True,phone_use,157,157,4,0.75582,1.0,1.0,1.0,0.9617834394904459,0.9617834394904459
yolo11n,1,subject_09,train,True,yawning,25,25,8,0.75582,1.0,1.0,0.84,0.64,0.6
yolo11n,1,subject_09,train,True,hand_over_mouth,20,20,3,0.75582,1.0,1.0,1.0,0.75,0.65
yolo11n,1,subject_09,train,True,drinking,30,30,5,0.75582,1.0,1.0,1.0,0.9666666666666667,0.9666666666666667
yolo11n,1,subject_09,train,True,phone_use,164,164,4,0.75582,1.0,1.0,1.0,0.9512195121951219,0.9512195121951219
yolo11n,1,subject_10,test,False,yawning,1,1,1,0.75582,1.0,0.0,0.0,0.0,0.0
yolo11n,1,subject_10,test,False,hand_over_mouth,0,0,0,0.75582,,,,,
yolo11n,1,subject_10,test,False,drinking,22,22,4,0.75582,1.0,1.0,1.0,1.0,1.0
yolo11n,1,subject_10,test,False,phone_use,160,160,4,0.75582,0.6375,0.575,0.45,0.1625,0.1375
yolo11n,1,subject_11,val,False,yawning,9,9,2,0.75582,1.0,1.0,1.0,1.0,1.0
yolo11n,1,subject_11,val,False,hand_over_mouth,16,16,3,0.75582,0.9375,0.875,0.8125,0.75,0.75
yolo11n,1,subject_11,val,False,drinking,23,23,4,0.75582,1.0,1.0,1.0,1.0,1.0
yolo11n,1,subject_11,val,False,phone_use,186,186,4,0.75582,0.978494623655914,0.978494623655914,0.956989247311828,0.6827956989247311,0.6182795698924731
yolo11n,1,subject_12,test,False,yawning,24,24,14,0.75582,0.9583333333333334,0.9166666666666666,0.75,0.4166666666666667,0.20833333333333334
yolo11n,1,subject_12,test,False,hand_over_mouth,22,22,13,0.75582,0.9545454545454546,0.9090909090909091,0.8636363636363636,0.7727272727272727,0.7727272727272727
yolo11n,1,subject_12,test,False,drinking,18,18,4,0.75582,1.0,0.9444444444444444,0.9444444444444444,0.8333333333333334,0.8333333333333334
yolo11n,1,subject_12,test,False,phone_use,189,189,4,0.75582,1.0,0.9841269841269841,0.9735449735449735,0.9153439153439153,0.8994708994708994
yolo11n,1,subject_13,train,True,yawning,9,9,4,0.75582,1.0,1.0,0.7777777777777778,0.5555555555555556,0.5555555555555556
yolo11n,1,subject_13,train,True,hand_over_mouth,6,6,2,0.75582,1.0,1.0,1.0,0.3333333333333333,0.3333333333333333
yolo11n,1,subject_13,train,True,drinking,16,16,4,0.75582,1.0,1.0,1.0,1.0,1.0
yolo11n,1,subject_13,train,True,phone_use,217,217,4,0.75582,1.0,1.0,1.0,1.0,1.0
yolo11n,1,subject_14,train,True,yawning,7,7,4,0.75582,1.0,1.0,0.8571428571428571,0.7142857142857143,0.7142857142857143
yolo11n,1,subject_14,train,True,hand_over_mouth,5,5,2,0.75582,1.0,1.0,1.0,1.0,1.0
yolo11n,1,subject_14,train,True,drinking,16,16,4,0.75582,1.0,1.0,1.0,1.0,1.0
yolo11n,1,subject_14,train,True,phone_use,175,175,4,0.75582,1.0,1.0,1.0,1.0,1.0
yolo11n,2,subject_01,train,True,yawning,11,11,3,0.7152,1.0,0.8181818181818182,0.8181818181818182,0.09090909090909091,0.7272727272727273
yolo11n,2,subject_01,train,True,hand_over_mouth,13,13,4,0.7152,1.0,1.0,1.0,1.0,1.0
yolo11n,2,subject_01,train,True,drinking,22,22,4,0.7152,1.0,1.0,1.0,1.0,1.0
yolo11n,2,subject_01,train,True,phone_use,169,169,5,0.7152,0.9940828402366864,0.9940828402366864,0.9940828402366864,0.9940828402366864,0.9940828402366864
yolo11n,2,subject_02,val,False,yawning,8,8,3,0.7152,1.0,1.0,1.0,0.375,1.0
yolo11n,2,subject_02,val,False,hand_over_mouth,6,6,2,0.7152,1.0,1.0,1.0,1.0,1.0
yolo11n,2,subject_02,val,False,drinking,12,12,4,0.7152,0.6666666666666666,0.5833333333333334,0.5833333333333334,0.5833333333333334,0.5833333333333334
yolo11n,2,subject_02,val,False,phone_use,131,131,4,0.7152,0.9847328244274809,0.9847328244274809,0.9847328244274809,0.9770992366412213,0.9770992366412213
yolo11n,2,subject_03,val,False,yawning,15,15,7,0.7152,0.7333333333333333,0.6666666666666666,0.6,0.3333333333333333,0.6
yolo11n,2,subject_03,val,False,hand_over_mouth,8,8,2,0.7152,1.0,1.0,1.0,1.0,1.0
yolo11n,2,subject_03,val,False,drinking,19,19,4,0.7152,0.7894736842105263,0.7894736842105263,0.7894736842105263,0.6842105263157895,0.6842105263157895
yolo11n,2,subject_03,val,False,phone_use,206,206,4,0.7152,0.9805825242718447,0.9757281553398058,0.9757281553398058,0.9223300970873787,0.9466019417475728
yolo11n,2,subject_04,train,True,yawning,14,14,3,0.7152,1.0,1.0,1.0,0.14285714285714285,0.6428571428571429
yolo11n,2,subject_04,train,True,hand_over_mouth,11,11,3,0.7152,1.0,1.0,1.0,1.0,1.0
yolo11n,2,subject_04,train,True,drinking,13,13,4,0.7152,1.0,1.0,1.0,1.0,1.0
yolo11n,2,subject_04,train,True,phone_use,162,162,5,0.7152,1.0,1.0,1.0,1.0,1.0
yolo11n,2,subject_05,test,False,yawning,8,8,3,0.7152,1.0,1.0,1.0,0.75,0.875
yolo11n,2,subject_05,test,False,hand_over_mouth,6,6,2,0.7152,1.0,1.0,1.0,1.0,1.0
yolo11n,2,subject_05,test,False,drinking,16,16,4,0.7152,0.875,0.875,0.875,0.6875,0.75
yolo11n,2,subject_05,test,False,phone_use,148,148,4,0.7152,0.9932432432432432,0.9932432432432432,0.9932432432432432,0.8581081081081081,0.918918918918919
yolo11n,2,subject_06,train,True,yawning,13,13,5,0.7152,1.0,0.9230769230769231,0.8461538461538461,0.15384615384615385,0.7692307692307693
yolo11n,2,subject_06,train,True,hand_over_mouth,15,15,3,0.7152,1.0,1.0,1.0,1.0,1.0
yolo11n,2,subject_06,train,True,drinking,24,24,4,0.7152,1.0,1.0,1.0,1.0,1.0
yolo11n,2,subject_06,train,True,phone_use,252,252,4,0.7152,1.0,1.0,1.0,1.0,1.0
yolo11n,2,subject_07,train,True,yawning,11,11,4,0.7152,1.0,0.9090909090909091,0.9090909090909091,0.6363636363636364,0.8181818181818182
yolo11n,2,subject_07,train,True,hand_over_mouth,5,5,2,0.7152,1.0,1.0,1.0,1.0,1.0
yolo11n,2,subject_07,train,True,drinking,7,7,4,0.7152,1.0,1.0,1.0,1.0,1.0
yolo11n,2,subject_07,train,True,phone_use,121,121,4,0.7152,1.0,1.0,0.9917355371900827,0.9752066115702479,0.9917355371900827
yolo11n,2,subject_08,train,True,yawning,4,4,2,0.7152,1.0,1.0,1.0,0.75,0.75
yolo11n,2,subject_08,train,True,hand_over_mouth,8,8,3,0.7152,1.0,1.0,1.0,1.0,1.0
yolo11n,2,subject_08,train,True,drinking,26,26,4,0.7152,1.0,1.0,1.0,1.0,1.0
yolo11n,2,subject_08,train,True,phone_use,157,157,4,0.7152,1.0,1.0,1.0,0.9681528662420382,0.9745222929936306
yolo11n,2,subject_09,train,True,yawning,25,25,8,0.7152,1.0,1.0,0.76,0.4,0.6
yolo11n,2,subject_09,train,True,hand_over_mouth,20,20,3,0.7152,1.0,1.0,1.0,1.0,1.0
yolo11n,2,subject_09,train,True,drinking,30,30,5,0.7152,1.0,1.0,1.0,1.0,1.0
yolo11n,2,subject_09,train,True,phone_use,164,164,4,0.7152,1.0,1.0,1.0,0.8963414634146342,0.9695121951219512
yolo11n,2,subject_10,test,False,yawning,1,1,1,0.7152,0.0,0.0,0.0,0.0,0.0
yolo11n,2,subject_10,test,False,hand_over_mouth,0,0,0,0.7152,,,,,
yolo11n,2,subject_10,test,False,drinking,22,22,4,0.7152,1.0,1.0,1.0,1.0,1.0
yolo11n,2,subject_10,test,False,phone_use,160,160,4,0.7152,0.6625,0.58125,0.525,0.16875,0.3
yolo11n,2,subject_11,val,False,yawning,9,9,2,0.7152,1.0,1.0,1.0,0.3333333333333333,1.0
yolo11n,2,subject_11,val,False,hand_over_mouth,16,16,3,0.7152,0.9375,0.8125,0.8125,0.5625,0.625
yolo11n,2,subject_11,val,False,drinking,23,23,4,0.7152,1.0,1.0,1.0,1.0,1.0
yolo11n,2,subject_11,val,False,phone_use,186,186,4,0.7152,0.9731182795698925,0.9623655913978495,0.9301075268817204,0.7795698924731183,0.8494623655913979
yolo11n,2,subject_12,test,False,yawning,24,24,14,0.7152,0.9583333333333334,0.9166666666666666,0.7916666666666666,0.08333333333333333,0.4583333333333333
yolo11n,2,subject_12,test,False,hand_over_mouth,22,22,13,0.7152,1.0,0.9545454545454546,0.9545454545454546,0.9090909090909091,0.9090909090909091
yolo11n,2,subject_12,test,False,drinking,18,18,4,0.7152,0.9444444444444444,0.9444444444444444,0.8333333333333334,0.8333333333333334,0.8333333333333334
yolo11n,2,subject_12,test,False,phone_use,189,189,4,0.7152,1.0,1.0,1.0,0.9682539682539683,0.9788359788359788
yolo11n,2,subject_13,train,True,yawning,9,9,4,0.7152,1.0,1.0,0.7777777777777778,0.2222222222222222,0.6666666666666666
yolo11n,2,subject_13,train,True,hand_over_mouth,6,6,2,0.7152,1.0,1.0,1.0,1.0,1.0
yolo11n,2,subject_13,train,True,drinking,16,16,4,0.7152,1.0,1.0,1.0,1.0,1.0
yolo11n,2,subject_13,train,True,phone_use,217,217,4,0.7152,1.0,1.0,1.0,0.9861751152073732,0.9953917050691244
yolo11n,2,subject_14,train,True,yawning,7,7,4,0.7152,1.0,1.0,1.0,0.14285714285714285,0.42857142857142855
yolo11n,2,subject_14,train,True,hand_over_mouth,5,5,2,0.7152,1.0,1.0,1.0,1.0,1.0
yolo11n,2,subject_14,train,True,drinking,16,16,4,0.7152,1.0,1.0,1.0,1.0,1.0
yolo11n,2,subject_14,train,True,phone_use,175,175,4,0.7152,1.0,1.0,1.0,1.0,1.0
yolo11n,3,subject_01,train,True,yawning,11,11,3,0.73475,0.9090909090909091,0.9090909090909091,0.9090909090909091,0.8181818181818182,0.8181818181818182
yolo11n,3,subject_01,train,True,hand_over_mouth,13,13,4,0.73475,1.0,1.0,1.0,1.0,1.0
yolo11n,3,subject_01,train,True,drinking,22,22,4,0.73475,1.0,1.0,1.0,0.7272727272727273,0.9090909090909091
yolo11n,3,subject_01,train,True,phone_use,169,169,5,0.73475,0.9940828402366864,0.9940828402366864,0.9940828402366864,0.9940828402366864,0.9940828402366864
yolo11n,3,subject_02,val,False,yawning,8,8,3,0.73475,1.0,1.0,1.0,0.875,1.0
yolo11n,3,subject_02,val,False,hand_over_mouth,6,6,2,0.73475,1.0,1.0,1.0,1.0,1.0
yolo11n,3,subject_02,val,False,drinking,12,12,4,0.73475,0.6666666666666666,0.5833333333333334,0.5833333333333334,0.5833333333333334,0.5833333333333334
yolo11n,3,subject_02,val,False,phone_use,131,131,4,0.73475,0.9923664122137404,0.9923664122137404,0.9847328244274809,0.9770992366412213,0.9770992366412213
yolo11n,3,subject_03,val,False,yawning,15,15,7,0.73475,0.8,0.8,0.6666666666666666,0.6,0.6
yolo11n,3,subject_03,val,False,hand_over_mouth,8,8,2,0.73475,1.0,1.0,1.0,1.0,1.0
yolo11n,3,subject_03,val,False,drinking,19,19,4,0.73475,0.8421052631578947,0.8421052631578947,0.7368421052631579,0.5789473684210527,0.7368421052631579
yolo11n,3,subject_03,val,False,phone_use,206,206,4,0.73475,0.9951456310679612,0.9902912621359223,0.9805825242718447,0.9514563106796117,0.9563106796116505
yolo11n,3,subject_04,train,True,yawning,14,14,3,0.73475,1.0,1.0,1.0,1.0,1.0
yolo11n,3,subject_04,train,True,hand_over_mouth,11,11,3,0.73475,1.0,1.0,1.0,1.0,1.0
yolo11n,3,subject_04,train,True,drinking,13,13,4,0.73475,1.0,1.0,1.0,0.9230769230769231,0.9230769230769231
yolo11n,3,subject_04,train,True,phone_use,162,162,5,0.73475,1.0,1.0,1.0,1.0,1.0
yolo11n,3,subject_05,test,False,yawning,8,8,3,0.73475,1.0,1.0,1.0,0.75,0.75
yolo11n,3,subject_05,test,False,hand_over_mouth,6,6,2,0.73475,1.0,1.0,1.0,1.0,1.0
yolo11n,3,subject_05,test,False,drinking,16,16,4,0.73475,0.875,0.8125,0.8125,0.5,0.5625
yolo11n,3,subject_05,test,False,phone_use,148,148,4,0.73475,0.9932432432432432,0.9932432432432432,0.9932432432432432,0.7635135135135135,0.8040540540540541
yolo11n,3,subject_06,train,True,yawning,13,13,5,0.73475,1.0,1.0,1.0,0.8461538461538461,0.8461538461538461
yolo11n,3,subject_06,train,True,hand_over_mouth,15,15,3,0.73475,1.0,1.0,1.0,1.0,1.0
yolo11n,3,subject_06,train,True,drinking,24,24,4,0.73475,1.0,1.0,1.0,0.8333333333333334,0.9583333333333334
yolo11n,3,subject_06,train,True,phone_use,252,252,4,0.73475,1.0,1.0,1.0,1.0,1.0
yolo11n,3,subject_07,train,True,yawning,11,11,4,0.73475,0.9090909090909091,0.9090909090909091,0.9090909090909091,0.9090909090909091,0.9090909090909091
yolo11n,3,subject_07,train,True,hand_over_mouth,5,5,2,0.73475,1.0,1.0,1.0,1.0,1.0
yolo11n,3,subject_07,train,True,drinking,7,7,4,0.73475,1.0,1.0,1.0,1.0,1.0
yolo11n,3,subject_07,train,True,phone_use,121,121,4,0.73475,0.9917355371900827,0.9917355371900827,0.9917355371900827,0.9752066115702479,0.9834710743801653
yolo11n,3,subject_08,train,True,yawning,4,4,2,0.73475,1.0,1.0,1.0,1.0,1.0
yolo11n,3,subject_08,train,True,hand_over_mouth,8,8,3,0.73475,1.0,1.0,1.0,1.0,1.0
yolo11n,3,subject_08,train,True,drinking,26,26,4,0.73475,1.0,1.0,1.0,0.8461538461538461,1.0
yolo11n,3,subject_08,train,True,phone_use,157,157,4,0.73475,1.0,1.0,1.0,0.9617834394904459,0.9617834394904459
yolo11n,3,subject_09,train,True,yawning,25,25,8,0.73475,1.0,1.0,1.0,0.76,0.84
yolo11n,3,subject_09,train,True,hand_over_mouth,20,20,3,0.73475,1.0,1.0,1.0,1.0,1.0
yolo11n,3,subject_09,train,True,drinking,30,30,5,0.73475,1.0,1.0,1.0,1.0,1.0
yolo11n,3,subject_09,train,True,phone_use,164,164,4,0.73475,1.0,1.0,1.0,0.9573170731707317,0.9695121951219512
yolo11n,3,subject_10,test,False,yawning,1,1,1,0.73475,1.0,1.0,1.0,0.0,0.0
yolo11n,3,subject_10,test,False,hand_over_mouth,0,0,0,0.73475,,,,,
yolo11n,3,subject_10,test,False,drinking,22,22,4,0.73475,1.0,0.9545454545454546,0.9545454545454546,0.9545454545454546,0.9545454545454546
yolo11n,3,subject_10,test,False,phone_use,160,160,4,0.73475,0.60625,0.55625,0.35,0.15,0.15625
yolo11n,3,subject_11,val,False,yawning,9,9,2,0.73475,1.0,1.0,1.0,1.0,1.0
yolo11n,3,subject_11,val,False,hand_over_mouth,16,16,3,0.73475,0.875,0.875,0.8125,0.8125,0.8125
yolo11n,3,subject_11,val,False,drinking,23,23,4,0.73475,1.0,1.0,1.0,0.9565217391304348,1.0
yolo11n,3,subject_11,val,False,phone_use,186,186,4,0.73475,0.978494623655914,0.9731182795698925,0.9731182795698925,0.9247311827956989,0.946236559139785
yolo11n,3,subject_12,test,False,yawning,24,24,14,0.73475,1.0,1.0,0.9583333333333334,0.7083333333333334,0.7916666666666666
yolo11n,3,subject_12,test,False,hand_over_mouth,22,22,13,0.73475,0.9545454545454546,0.9090909090909091,0.9090909090909091,0.8181818181818182,0.8181818181818182
yolo11n,3,subject_12,test,False,drinking,18,18,4,0.73475,0.9444444444444444,0.8888888888888888,0.8888888888888888,0.8333333333333334,0.8333333333333334
yolo11n,3,subject_12,test,False,phone_use,189,189,4,0.73475,1.0,1.0,1.0,0.9629629629629629,0.9841269841269841
yolo11n,3,subject_13,train,True,yawning,9,9,4,0.73475,1.0,1.0,1.0,0.8888888888888888,0.8888888888888888
yolo11n,3,subject_13,train,True,hand_over_mouth,6,6,2,0.73475,1.0,1.0,1.0,1.0,1.0
yolo11n,3,subject_13,train,True,drinking,16,16,4,0.73475,1.0,1.0,1.0,0.8125,0.875
yolo11n,3,subject_13,train,True,phone_use,217,217,4,0.73475,1.0,1.0,1.0,0.9953917050691244,1.0
yolo11n,3,subject_14,train,True,yawning,7,7,4,0.73475,1.0,1.0,1.0,0.8571428571428571,0.8571428571428571
yolo11n,3,subject_14,train,True,hand_over_mouth,5,5,2,0.73475,1.0,1.0,1.0,1.0,1.0
yolo11n,3,subject_14,train,True,drinking,16,16,4,0.73475,1.0,1.0,1.0,1.0,1.0
yolo11n,3,subject_14,train,True,phone_use,175,175,4,0.73475,1.0,1.0,1.0,0.9942857142857143,0.9942857142857143
yolo11n,4,subject_01,train,True,yawning,11,11,3,0.764,1.0,1.0,0.9090909090909091,0.7272727272727273,0.7272727272727273
yolo11n,4,subject_01,train,True,hand_over_mouth,13,13,4,0.764,1.0,1.0,1.0,1.0,1.0
yolo11n,4,subject_01,train,True,drinking,22,22,4,0.764,1.0,1.0,1.0,1.0,1.0
yolo11n,4,subject_01,train,True,phone_use,169,169,5,0.764,0.9940828402366864,0.9940828402366864,0.9940828402366864,0.9940828402366864,0.9940828402366864
yolo11n,4,subject_02,val,False,yawning,8,8,3,0.764,1.0,1.0,1.0,1.0,1.0
yolo11n,4,subject_02,val,False,hand_over_mouth,6,6,2,0.764,1.0,1.0,1.0,1.0,1.0
yolo11n,4,subject_02,val,False,drinking,12,12,4,0.764,0.6666666666666666,0.6666666666666666,0.5833333333333334,0.5833333333333334,0.5833333333333334
yolo11n,4,subject_02,val,False,phone_use,131,131,4,0.764,0.9770992366412213,0.9770992366412213,0.9770992366412213,0.9770992366412213,0.9770992366412213
yolo11n,4,subject_03,val,False,yawning,15,15,7,0.764,0.6666666666666666,0.6,0.6,0.6,0.5333333333333333
yolo11n,4,subject_03,val,False,hand_over_mouth,8,8,2,0.764,1.0,1.0,1.0,0.75,0.75
yolo11n,4,subject_03,val,False,drinking,19,19,4,0.764,0.9473684210526315,0.8947368421052632,0.8947368421052632,0.631578947368421,0.631578947368421
yolo11n,4,subject_03,val,False,phone_use,206,206,4,0.764,0.9854368932038835,0.9854368932038835,0.9805825242718447,0.9466019417475728,0.941747572815534
yolo11n,4,subject_04,train,True,yawning,14,14,3,0.764,1.0,1.0,1.0,0.9285714285714286,0.8571428571428571
yolo11n,4,subject_04,train,True,hand_over_mouth,11,11,3,0.764,1.0,1.0,1.0,1.0,1.0
yolo11n,4,subject_04,train,True,drinking,13,13,4,0.764,1.0,1.0,1.0,1.0,1.0
yolo11n,4,subject_04,train,True,phone_use,162,162,5,0.764,1.0,1.0,1.0,1.0,1.0
yolo11n,4,subject_05,test,False,yawning,8,8,3,0.764,1.0,1.0,1.0,0.75,0.75
yolo11n,4,subject_05,test,False,hand_over_mouth,6,6,2,0.764,1.0,1.0,1.0,1.0,1.0
yolo11n,4,subject_05,test,False,drinking,16,16,4,0.764,0.9375,0.9375,0.875,0.75,0.75
yolo11n,4,subject_05,test,False,phone_use,148,148,4,0.764,0.9932432432432432,0.9932432432432432,0.9932432432432432,0.8716216216216216,0.8108108108108109
yolo11n,4,subject_06,train,True,yawning,13,13,5,0.764,1.0,1.0,0.9230769230769231,0.7692307692307693,0.7692307692307693
yolo11n,4,subject_06,train,True,hand_over_mouth,15,15,3,0.764,1.0,1.0,1.0,1.0,1.0
yolo11n,4,subject_06,train,True,drinking,24,24,4,0.764,1.0,1.0,1.0,1.0,1.0
yolo11n,4,subject_06,train,True,phone_use,252,252,4,0.764,1.0,1.0,1.0,1.0,1.0
yolo11n,4,subject_07,train,True,yawning,11,11,4,0.764,0.9090909090909091,0.9090909090909091,0.9090909090909091,0.7272727272727273,0.7272727272727273
yolo11n,4,subject_07,train,True,hand_over_mouth,5,5,2,0.764,1.0,1.0,1.0,1.0,1.0
yolo11n,4,subject_07,train,True,drinking,7,7,4,0.764,1.0,1.0,1.0,1.0,1.0
yolo11n,4,subject_07,train,True,phone_use,121,121,4,0.764,0.9917355371900827,0.9917355371900827,0.9917355371900827,0.9917355371900827,0.9834710743801653
yolo11n,4,subject_08,train,True,yawning,4,4,2,0.764,1.0,1.0,1.0,0.75,0.75
yolo11n,4,subject_08,train,True,hand_over_mouth,8,8,3,0.764,1.0,1.0,1.0,1.0,1.0
yolo11n,4,subject_08,train,True,drinking,26,26,4,0.764,1.0,1.0,1.0,1.0,1.0
yolo11n,4,subject_08,train,True,phone_use,157,157,4,0.764,1.0,1.0,1.0,0.9681528662420382,0.9617834394904459
yolo11n,4,subject_09,train,True,yawning,25,25,8,0.764,1.0,1.0,0.96,0.64,0.64
yolo11n,4,subject_09,train,True,hand_over_mouth,20,20,3,0.764,1.0,1.0,1.0,1.0,1.0
yolo11n,4,subject_09,train,True,drinking,30,30,5,0.764,1.0,1.0,1.0,1.0,1.0
yolo11n,4,subject_09,train,True,phone_use,164,164,4,0.764,1.0,1.0,1.0,0.9634146341463414,0.9329268292682927
yolo11n,4,subject_10,test,False,yawning,1,1,1,0.764,0.0,0.0,0.0,0.0,0.0
yolo11n,4,subject_10,test,False,hand_over_mouth,0,0,0,0.764,,,,,
yolo11n,4,subject_10,test,False,drinking,22,22,4,0.764,1.0,1.0,1.0,1.0,1.0
yolo11n,4,subject_10,test,False,phone_use,160,160,4,0.764,0.725,0.64375,0.5,0.1,0.0875
yolo11n,4,subject_11,val,False,yawning,9,9,2,0.764,1.0,1.0,1.0,1.0,1.0
yolo11n,4,subject_11,val,False,hand_over_mouth,16,16,3,0.764,0.875,0.875,0.875,0.875,0.75
yolo11n,4,subject_11,val,False,drinking,23,23,4,0.764,1.0,1.0,1.0,1.0,1.0
yolo11n,4,subject_11,val,False,phone_use,186,186,4,0.764,0.9838709677419355,0.978494623655914,0.978494623655914,0.9247311827956989,0.8763440860215054
yolo11n,4,subject_12,test,False,yawning,24,24,14,0.764,1.0,0.9583333333333334,0.9166666666666666,0.5833333333333334,0.5
yolo11n,4,subject_12,test,False,hand_over_mouth,22,22,13,0.764,0.9545454545454546,0.9545454545454546,0.9545454545454546,0.7727272727272727,0.7272727272727273
yolo11n,4,subject_12,test,False,drinking,18,18,4,0.764,0.9444444444444444,0.9444444444444444,0.9444444444444444,0.8888888888888888,0.8333333333333334
yolo11n,4,subject_12,test,False,phone_use,189,189,4,0.764,1.0,1.0,0.9894179894179894,0.9312169312169312,0.91005291005291
yolo11n,4,subject_13,train,True,yawning,9,9,4,0.764,1.0,1.0,0.8888888888888888,0.6666666666666666,0.6666666666666666
yolo11n,4,subject_13,train,True,hand_over_mouth,6,6,2,0.764,1.0,1.0,1.0,1.0,1.0
yolo11n,4,subject_13,train,True,drinking,16,16,4,0.764,1.0,1.0,1.0,1.0,1.0
yolo11n,4,subject_13,train,True,phone_use,217,217,4,0.764,1.0,1.0,1.0,1.0,0.9953917050691244
yolo11n,4,subject_14,train,True,yawning,7,7,4,0.764,1.0,1.0,1.0,0.7142857142857143,0.7142857142857143
yolo11n,4,subject_14,train,True,hand_over_mouth,5,5,2,0.764,1.0,1.0,1.0,1.0,1.0
yolo11n,4,subject_14,train,True,drinking,16,16,4,0.764,1.0,1.0,1.0,0.9375,0.9375
yolo11n,4,subject_14,train,True,phone_use,175,175,4,0.764,1.0,1.0,1.0,1.0,1.0
yolo26n,0,subject_01,train,True,yawning,11,11,3,0.46751,1.0,1.0,0.9090909090909091,0.8181818181818182,0.9090909090909091
yolo26n,0,subject_01,train,True,hand_over_mouth,13,13,4,0.46751,1.0,1.0,1.0,0.9230769230769231,1.0
yolo26n,0,subject_01,train,True,drinking,22,22,4,0.46751,1.0,1.0,0.9090909090909091,0.9090909090909091,0.9545454545454546
yolo26n,0,subject_01,train,True,phone_use,169,169,5,0.46751,0.9940828402366864,0.9940828402366864,0.9940828402366864,0.9822485207100592,0.9940828402366864
yolo26n,0,subject_02,val,False,yawning,8,8,3,0.46751,1.0,1.0,0.875,0.875,1.0
yolo26n,0,subject_02,val,False,hand_over_mouth,6,6,2,0.46751,1.0,1.0,1.0,1.0,1.0
yolo26n,0,subject_02,val,False,drinking,12,12,4,0.46751,0.5833333333333334,0.5833333333333334,0.5833333333333334,0.5833333333333334,0.5833333333333334
yolo26n,0,subject_02,val,False,phone_use,131,131,4,0.46751,0.9770992366412213,0.9770992366412213,0.9694656488549618,0.9389312977099237,0.9694656488549618
yolo26n,0,subject_03,val,False,yawning,15,15,7,0.46751,0.7333333333333333,0.6666666666666666,0.6666666666666666,0.5333333333333333,0.6666666666666666
yolo26n,0,subject_03,val,False,hand_over_mouth,8,8,2,0.46751,1.0,1.0,1.0,0.875,1.0
yolo26n,0,subject_03,val,False,drinking,19,19,4,0.46751,0.8421052631578947,0.8421052631578947,0.7894736842105263,0.631578947368421,0.8421052631578947
yolo26n,0,subject_03,val,False,phone_use,206,206,4,0.46751,0.9854368932038835,0.9805825242718447,0.9660194174757282,0.9174757281553398,0.9757281553398058
yolo26n,0,subject_04,train,True,yawning,14,14,3,0.46751,1.0,1.0,1.0,1.0,1.0
yolo26n,0,subject_04,train,True,hand_over_mouth,11,11,3,0.46751,1.0,1.0,1.0,1.0,1.0
yolo26n,0,subject_04,train,True,drinking,13,13,4,0.46751,1.0,1.0,1.0,0.9230769230769231,1.0
yolo26n,0,subject_04,train,True,phone_use,162,162,5,0.46751,1.0,1.0,0.9938271604938271,0.9938271604938271,1.0
yolo26n,0,subject_05,test,False,yawning,8,8,3,0.46751,0.875,0.875,0.75,0.625,0.75
yolo26n,0,subject_05,test,False,hand_over_mouth,6,6,2,0.46751,1.0,1.0,1.0,1.0,1.0
yolo26n,0,subject_05,test,False,drinking,16,16,4,0.46751,0.9375,0.9375,0.875,0.5625,0.875
yolo26n,0,subject_05,test,False,phone_use,148,148,4,0.46751,0.9797297297297297,0.9797297297297297,0.9594594594594594,0.8851351351351351,0.9594594594594594
yolo26n,0,subject_06,train,True,yawning,13,13,5,0.46751,1.0,1.0,1.0,0.7692307692307693,1.0
yolo26n,0,subject_06,train,True,hand_over_mouth,15,15,3,0.46751,1.0,1.0,1.0,0.8666666666666667,1.0
yolo26n,0,subject_06,train,True,drinking,24,24,4,0.46751,1.0,1.0,1.0,0.9583333333333334,1.0
yolo26n,0,subject_06,train,True,phone_use,252,252,4,0.46751,1.0,1.0,0.9920634920634921,0.9801587301587301,0.9920634920634921
yolo26n,0,subject_07,train,True,yawning,11,11,4,0.46751,1.0,1.0,0.9090909090909091,0.8181818181818182,0.9090909090909091
yolo26n,0,subject_07,train,True,hand_over_mouth,5,5,2,0.46751,1.0,1.0,1.0,1.0,1.0
yolo26n,0,subject_07,train,True,drinking,7,7,4,0.46751,1.0,1.0,1.0,0.8571428571428571,1.0
yolo26n,0,subject_07,train,True,phone_use,121,121,4,0.46751,0.9917355371900827,0.9917355371900827,0.9834710743801653,0.9752066115702479,0.9834710743801653
yolo26n,0,subject_08,train,True,yawning,4,4,2,0.46751,1.0,1.0,1.0,1.0,1.0
yolo26n,0,subject_08,train,True,hand_over_mouth,8,8,3,0.46751,1.0,1.0,1.0,1.0,1.0
yolo26n,0,subject_08,train,True,drinking,26,26,4,0.46751,1.0,1.0,1.0,0.9615384615384616,1.0
yolo26n,0,subject_08,train,True,phone_use,157,157,4,0.46751,1.0,1.0,0.9936305732484076,0.9681528662420382,0.9936305732484076
yolo26n,0,subject_09,train,True,yawning,25,25,8,0.46751,1.0,1.0,0.88,0.64,0.88
yolo26n,0,subject_09,train,True,hand_over_mouth,20,20,3,0.46751,1.0,1.0,0.9,0.85,0.9
yolo26n,0,subject_09,train,True,drinking,30,30,5,0.46751,1.0,1.0,1.0,0.9666666666666667,1.0
yolo26n,0,subject_09,train,True,phone_use,164,164,4,0.46751,1.0,1.0,0.9817073170731707,0.9634146341463414,0.9878048780487805
yolo26n,0,subject_10,test,False,yawning,1,1,1,0.46751,1.0,1.0,0.0,0.0,0.0
yolo26n,0,subject_10,test,False,hand_over_mouth,0,0,0,0.46751,,,,,
yolo26n,0,subject_10,test,False,drinking,22,22,4,0.46751,1.0,1.0,1.0,1.0,1.0
yolo26n,0,subject_10,test,False,phone_use,160,160,4,0.46751,0.53125,0.4875,0.4125,0.30625,0.425
yolo26n,0,subject_11,val,False,yawning,9,9,2,0.46751,1.0,1.0,0.7777777777777778,0.7777777777777778,0.8888888888888888
yolo26n,0,subject_11,val,False,hand_over_mouth,16,16,3,0.46751,0.8125,0.8125,0.75,0.625,0.8125
yolo26n,0,subject_11,val,False,drinking,23,23,4,0.46751,1.0,1.0,1.0,1.0,1.0
yolo26n,0,subject_11,val,False,phone_use,186,186,4,0.46751,0.9731182795698925,0.9731182795698925,0.9623655913978495,0.9354838709677419,0.9623655913978495
yolo26n,0,subject_12,test,False,yawning,24,24,14,0.46751,0.9583333333333334,0.9583333333333334,0.875,0.4583333333333333,0.875
yolo26n,0,subject_12,test,False,hand_over_mouth,22,22,13,0.46751,0.9545454545454546,0.8636363636363636,0.8181818181818182,0.7727272727272727,0.8636363636363636
yolo26n,0,subject_12,test,False,drinking,18,18,4,0.46751,0.9444444444444444,0.9444444444444444,0.9444444444444444,0.8888888888888888,0.9444444444444444
yolo26n,0,subject_12,test,False,phone_use,189,189,4,0.46751,1.0,1.0,0.9894179894179894,0.9682539682539683,0.9947089947089947
yolo26n,0,subject_13,train,True,yawning,9,9,4,0.46751,1.0,1.0,1.0,0.6666666666666666,1.0
yolo26n,0,subject_13,train,True,hand_over_mouth,6,6,2,0.46751,1.0,1.0,1.0,0.6666666666666666,1.0
yolo26n,0,subject_13,train,True,drinking,16,16,4,0.46751,1.0,1.0,1.0,1.0,1.0
yolo26n,0,subject_13,train,True,phone_use,217,217,4,0.46751,1.0,1.0,0.9861751152073732,0.9631336405529954,0.9861751152073732
yolo26n,0,subject_14,train,True,yawning,7,7,4,0.46751,1.0,1.0,1.0,0.8571428571428571,1.0
yolo26n,0,subject_14,train,True,hand_over_mouth,5,5,2,0.46751,1.0,1.0,1.0,1.0,1.0
yolo26n,0,subject_14,train,True,drinking,16,16,4,0.46751,1.0,1.0,1.0,1.0,1.0
yolo26n,0,subject_14,train,True,phone_use,175,175,4,0.46751,1.0,1.0,1.0,0.9942857142857143,1.0
yolo26n,1,subject_01,train,True,yawning,11,11,3,0.61192,1.0,1.0,0.9090909090909091,0.7272727272727273,0.8181818181818182
yolo26n,1,subject_01,train,True,hand_over_mouth,13,13,4,0.61192,1.0,1.0,1.0,1.0,1.0
yolo26n,1,subject_01,train,True,drinking,22,22,4,0.61192,1.0,1.0,1.0,0.9545454545454546,1.0
yolo26n,1,subject_01,train,True,phone_use,169,169,5,0.61192,0.9940828402366864,0.9940828402366864,0.9940828402366864,0.9881656804733728,0.9940828402366864
yolo26n,1,subject_02,val,False,yawning,8,8,3,0.61192,1.0,1.0,1.0,0.875,1.0
yolo26n,1,subject_02,val,False,hand_over_mouth,6,6,2,0.61192,1.0,1.0,1.0,1.0,1.0
yolo26n,1,subject_02,val,False,drinking,12,12,4,0.61192,0.6666666666666666,0.5833333333333334,0.5833333333333334,0.5833333333333334,0.5833333333333334
yolo26n,1,subject_02,val,False,phone_use,131,131,4,0.61192,0.9770992366412213,0.9770992366412213,0.9770992366412213,0.9694656488549618,0.9770992366412213
yolo26n,1,subject_03,val,False,yawning,15,15,7,0.61192,0.8666666666666667,0.6666666666666666,0.6666666666666666,0.4,0.6666666666666666
yolo26n,1,subject_03,val,False,hand_over_mouth,8,8,2,0.61192,1.0,1.0,0.75,0.75,0.75
yolo26n,1,subject_03,val,False,drinking,19,19,4,0.61192,0.8421052631578947,0.8421052631578947,0.7894736842105263,0.6842105263157895,0.7368421052631579
yolo26n,1,subject_03,val,False,phone_use,206,206,4,0.61192,0.9854368932038835,0.9805825242718447,0.9805825242718447,0.9563106796116505,0.9757281553398058
yolo26n,1,subject_04,train,True,yawning,14,14,3,0.61192,1.0,1.0,1.0,0.7142857142857143,0.9285714285714286
yolo26n,1,subject_04,train,True,hand_over_mouth,11,11,3,0.61192,1.0,1.0,1.0,0.9090909090909091,1.0
yolo26n,1,subject_04,train,True,drinking,13,13,4,0.61192,1.0,1.0,1.0,0.8461538461538461,1.0
yolo26n,1,subject_04,train,True,phone_use,162,162,5,0.61192,1.0,1.0,1.0,0.9691358024691358,0.9938271604938271
yolo26n,1,subject_05,test,False,yawning,8,8,3,0.61192,0.875,0.75,0.625,0.125,0.375
yolo26n,1,subject_05,test,False,hand_over_mouth,6,6,2,0.61192,1.0,1.0,1.0,1.0,1.0
yolo26n,1,subject_05,test,False,drinking,16,16,4,0.61192,1.0,1.0,0.9375,0.75,0.9375
yolo26n,1,subject_05,test,False,phone_use,148,148,4,0.61192,0.9864864864864865,0.9797297297297297,0.9797297297297297,0.9459459459459459,0.9797297297297297
yolo26n,1,subject_06,train,True,yawning,13,13,5,0.61192,1.0,1.0,0.8461538461538461,0.5384615384615384,0.7692307692307693
yolo26n,1,subject_06,train,True,hand_over_mouth,15,15,3,0.61192,1.0,1.0,1.0,1.0,1.0
yolo26n,1,subject_06,train,True,drinking,24,24,4,0.61192,1.0,1.0,1.0,1.0,1.0
yolo26n,1,subject_06,train,True,phone_use,252,252,4,0.61192,1.0,1.0,1.0,0.996031746031746,0.996031746031746
yolo26n,1,subject_07,train,True,yawning,11,11,4,0.61192,1.0,1.0,0.9090909090909091,0.8181818181818182,0.9090909090909091
yolo26n,1,subject_07,train,True,hand_over_mouth,5,5,2,0.61192,1.0,1.0,1.0,1.0,1.0
yolo26n,1,subject_07,train,True,drinking,7,7,4,0.61192,1.0,1.0,1.0,1.0,1.0
yolo26n,1,subject_07,train,True,phone_use,121,121,4,0.61192,1.0,1.0,0.9917355371900827,0.9834710743801653,0.9917355371900827
yolo26n,1,subject_08,train,True,yawning,4,4,2,0.61192,1.0,1.0,1.0,0.75,1.0
yolo26n,1,subject_08,train,True,hand_over_mouth,8,8,3,0.61192,1.0,1.0,1.0,1.0,1.0
yolo26n,1,subject_08,train,True,drinking,26,26,4,0.61192,1.0,1.0,1.0,1.0,1.0
yolo26n,1,subject_08,train,True,phone_use,157,157,4,0.61192,1.0,1.0,0.9936305732484076,0.9872611464968153,0.9872611464968153
yolo26n,1,subject_09,train,True,yawning,25,25,8,0.61192,1.0,1.0,0.96,0.76,0.92
yolo26n,1,subject_09,train,True,hand_over_mouth,20,20,3,0.61192,1.0,1.0,1.0,0.95,1.0
yolo26n,1,subject_09,train,True,drinking,30,30,5,0.61192,1.0,1.0,1.0,0.9333333333333333,1.0
yolo26n,1,subject_09,train,True,phone_use,164,164,4,0.61192,1.0,1.0,0.9878048780487805,0.9817073170731707,0.9878048780487805
yolo26n,1,subject_10,test,False,yawning,1,1,1,0.61192,0.0,0.0,0.0,0.0,0.0
yolo26n,1,subject_10,test,False,hand_over_mouth,0,0,0,0.61192,,,,,
yolo26n,1,subject_10,test,False,drinking,22,22,4,0.61192,1.0,1.0,0.9545454545454546,0.9090909090909091,0.9090909090909091
yolo26n,1,subject_10,test,False,phone_use,160,160,4,0.61192,0.66875,0.64375,0.51875,0.35625,0.41875
yolo26n,1,subject_11,val,False,yawning,9,9,2,0.61192,1.0,1.0,1.0,0.5555555555555556,0.8888888888888888
yolo26n,1,subject_11,val,False,hand_over_mouth,16,16,3,0.61192,0.8125,0.8125,0.8125,0.6875,0.75
yolo26n,1,subject_11,val,False,drinking,23,23,4,0.61192,1.0,1.0,1.0,0.9565217391304348,1.0
yolo26n,1,subject_11,val,False,phone_use,186,186,4,0.61192,0.9731182795698925,0.9354838709677419,0.8817204301075269,0.7473118279569892,0.8387096774193549
yolo26n,1,subject_12,test,False,yawning,24,24,14,0.61192,1.0,0.9166666666666666,0.7916666666666666,0.5,0.6666666666666666
yolo26n,1,subject_12,test,False,hand_over_mouth,22,22,13,0.61192,0.9545454545454546,0.9545454545454546,0.8636363636363636,0.8636363636363636,0.8636363636363636
yolo26n,1,subject_12,test,False,drinking,18,18,4,0.61192,1.0,0.9444444444444444,0.9444444444444444,0.8333333333333334,0.9444444444444444
yolo26n,1,subject_12,test,False,phone_use,189,189,4,0.61192,0.9947089947089947,0.9947089947089947,0.9894179894179894,0.9523809523809523,0.9788359788359788
yolo26n,1,subject_13,train,True,yawning,9,9,4,0.61192,1.0,1.0,1.0,0.7777777777777778,1.0
yolo26n,1,subject_13,train,True,hand_over_mouth,6,6,2,0.61192,1.0,1.0,1.0,0.8333333333333334,1.0
yolo26n,1,subject_13,train,True,drinking,16,16,4,0.61192,1.0,1.0,1.0,0.9375,1.0
yolo26n,1,subject_13,train,True,phone_use,217,217,4,0.61192,1.0,1.0,1.0,0.9861751152073732,0.9953917050691244
yolo26n,1,subject_14,train,True,yawning,7,7,4,0.61192,1.0,1.0,1.0,0.5714285714285714,1.0
yolo26n,1,subject_14,train,True,hand_over_mouth,5,5,2,0.61192,1.0,1.0,1.0,1.0,1.0
yolo26n,1,subject_14,train,True,drinking,16,16,4,0.61192,1.0,1.0,1.0,1.0,1.0
yolo26n,1,subject_14,train,True,phone_use,175,175,4,0.61192,1.0,1.0,1.0,0.9942857142857143,1.0
yolo26n,2,subject_01,train,True,yawning,11,11,3,0.47203,1.0,1.0,0.9090909090909091,0.7272727272727273,0.9090909090909091
yolo26n,2,subject_01,train,True,hand_over_mouth,13,13,4,0.47203,1.0,1.0,1.0,1.0,1.0
yolo26n,2,subject_01,train,True,drinking,22,22,4,0.47203,1.0,1.0,1.0,1.0,1.0
yolo26n,2,subject_01,train,True,phone_use,169,169,5,0.47203,0.9940828402366864,0.9881656804733728,0.9822485207100592,0.9763313609467456,0.9822485207100592
yolo26n,2,subject_02,val,False,yawning,8,8,3,0.47203,1.0,1.0,1.0,1.0,1.0
yolo26n,2,subject_02,val,False,hand_over_mouth,6,6,2,0.47203,1.0,1.0,1.0,1.0,1.0
yolo26n,2,subject_02,val,False,drinking,12,12,4,0.47203,0.5833333333333334,0.5833333333333334,0.5833333333333334,0.5,0.5833333333333334
yolo26n,2,subject_02,val,False,phone_use,131,131,4,0.47203,0.9770992366412213,0.9770992366412213,0.9770992366412213,0.9770992366412213,0.9770992366412213
yolo26n,2,subject_03,val,False,yawning,15,15,7,0.47203,0.8,0.7333333333333333,0.6,0.5333333333333333,0.6666666666666666
yolo26n,2,subject_03,val,False,hand_over_mouth,8,8,2,0.47203,1.0,1.0,1.0,1.0,1.0
yolo26n,2,subject_03,val,False,drinking,19,19,4,0.47203,0.8421052631578947,0.8421052631578947,0.8421052631578947,0.6842105263157895,0.8421052631578947
yolo26n,2,subject_03,val,False,phone_use,206,206,4,0.47203,0.9757281553398058,0.9757281553398058,0.970873786407767,0.9563106796116505,0.9757281553398058
yolo26n,2,subject_04,train,True,yawning,14,14,3,0.47203,1.0,1.0,1.0,0.9285714285714286,1.0
yolo26n,2,subject_04,train,True,hand_over_mouth,11,11,3,0.47203,1.0,1.0,1.0,1.0,1.0
yolo26n,2,subject_04,train,True,drinking,13,13,4,0.47203,1.0,1.0,1.0,1.0,1.0
yolo26n,2,subject_04,train,True,phone_use,162,162,5,0.47203,1.0,1.0,1.0,0.9938271604938271,1.0
yolo26n,2,subject_05,test,False,yawning,8,8,3,0.47203,1.0,0.75,0.625,0.5,0.625
yolo26n,2,subject_05,test,False,hand_over_mouth,6,6,2,0.47203,1.0,1.0,1.0,0.8333333333333334,1.0
yolo26n,2,subject_05,test,False,drinking,16,16,4,0.47203,0.9375,0.875,0.875,0.8125,0.875
yolo26n,2,subject_05,test,False,phone_use,148,148,4,0.47203,0.9864864864864865,0.9864864864864865,0.9527027027027027,0.8581081081081081,0.9594594594594594
yolo26n,2,subject_06,train,True,yawning,13,13,5,0.47203,1.0,1.0,0.9230769230769231,0.6153846153846154,0.9230769230769231
yolo26n,2,subject_06,train,True,hand_over_mouth,15,15,3,0.47203,1.0,1.0,1.0,0.9333333333333333,1.0
yolo26n,2,subject_06,train,True,drinking,24,24,4,0.47203,1.0,1.0,1.0,1.0,1.0
yolo26n,2,subject_06,train,True,phone_use,252,252,4,0.47203,1.0,1.0,0.996031746031746,0.9880952380952381,0.996031746031746
yolo26n,2,subject_07,train,True,yawning,11,11,4,0.47203,1.0,1.0,0.9090909090909091,0.8181818181818182,0.9090909090909091
yolo26n,2,subject_07,train,True,hand_over_mouth,5,5,2,0.47203,1.0,1.0,1.0,1.0,1.0
yolo26n,2,subject_07,train,True,drinking,7,7,4,0.47203,1.0,1.0,1.0,1.0,1.0
yolo26n,2,subject_07,train,True,phone_use,121,121,4,0.47203,1.0,1.0,0.9917355371900827,0.9669421487603306,0.9917355371900827
yolo26n,2,subject_08,train,True,yawning,4,4,2,0.47203,1.0,1.0,1.0,1.0,1.0
yolo26n,2,subject_08,train,True,hand_over_mouth,8,8,3,0.47203,1.0,1.0,1.0,0.875,1.0
yolo26n,2,subject_08,train,True,drinking,26,26,4,0.47203,1.0,1.0,1.0,1.0,1.0
yolo26n,2,subject_08,train,True,phone_use,157,157,4,0.47203,1.0,1.0,0.9936305732484076,0.9872611464968153,0.9936305732484076
yolo26n,2,subject_09,train,True,yawning,25,25,8,0.47203,1.0,1.0,0.96,0.64,0.96
yolo26n,2,subject_09,train,True,hand_over_mouth,20,20,3,0.47203,1.0,1.0,1.0,0.95,1.0
yolo26n,2,subject_09,train,True,drinking,30,30,5,0.47203,1.0,1.0,1.0,1.0,1.0
yolo26n,2,subject_09,train,True,phone_use,164,164,4,0.47203,1.0,1.0,0.9878048780487805,0.975609756097561,0.9878048780487805
yolo26n,2,subject_10,test,False,yawning,1,1,1,0.47203,0.0,0.0,0.0,0.0,0.0
yolo26n,2,subject_10,test,False,hand_over_mouth,0,0,0,0.47203,,,,,
yolo26n,2,subject_10,test,False,drinking,22,22,4,0.47203,1.0,1.0,1.0,1.0,1.0
yolo26n,2,subject_10,test,False,phone_use,160,160,4,0.47203,0.64375,0.60625,0.54375,0.38125,0.55
yolo26n,2,subject_11,val,False,yawning,9,9,2,0.47203,1.0,1.0,0.8888888888888888,0.7777777777777778,0.8888888888888888
yolo26n,2,subject_11,val,False,hand_over_mouth,16,16,3,0.47203,0.875,0.8125,0.8125,0.5625,0.8125
yolo26n,2,subject_11,val,False,drinking,23,23,4,0.47203,1.0,1.0,0.9565217391304348,0.9565217391304348,0.9565217391304348
yolo26n,2,subject_11,val,False,phone_use,186,186,4,0.47203,0.9408602150537635,0.8655913978494624,0.8387096774193549,0.6774193548387096,0.8387096774193549
yolo26n,2,subject_12,test,False,yawning,24,24,14,0.47203,0.9166666666666666,0.875,0.7916666666666666,0.625,0.8333333333333334
yolo26n,2,subject_12,test,False,hand_over_mouth,22,22,13,0.47203,0.9545454545454546,0.9545454545454546,0.9545454545454546,0.8636363636363636,0.9545454545454546
yolo26n,2,subject_12,test,False,drinking,18,18,4,0.47203,1.0,1.0,0.9444444444444444,0.7777777777777778,0.9444444444444444
yolo26n,2,subject_12,test,False,phone_use,189,189,4,0.47203,0.9947089947089947,0.9841269841269841,0.9682539682539683,0.9312169312169312,0.9682539682539683
yolo26n,2,subject_13,train,True,yawning,9,9,4,0.47203,1.0,0.8888888888888888,0.8888888888888888,0.6666666666666666,0.8888888888888888
yolo26n,2,subject_13,train,True,hand_over_mouth,6,6,2,0.47203,1.0,1.0,1.0,1.0,1.0
yolo26n,2,subject_13,train,True,drinking,16,16,4,0.47203,1.0,1.0,1.0,1.0,1.0
yolo26n,2,subject_13,train,True,phone_use,217,217,4,0.47203,1.0,1.0,1.0,0.9907834101382489,1.0
yolo26n,2,subject_14,train,True,yawning,7,7,4,0.47203,1.0,1.0,1.0,0.8571428571428571,1.0
yolo26n,2,subject_14,train,True,hand_over_mouth,5,5,2,0.47203,1.0,1.0,1.0,1.0,1.0
yolo26n,2,subject_14,train,True,drinking,16,16,4,0.47203,1.0,1.0,1.0,1.0,1.0
yolo26n,2,subject_14,train,True,phone_use,175,175,4,0.47203,1.0,1.0,1.0,0.9942857142857143,1.0
