model,prune_ratio,seed,rule,tau_used,test_min_recall,target_floor,margin_pp,passed
yolo11n,0%,0,fixed_025,0.25,0.8672032193158954,0.8203703703703703,4.683284894552509,True
yolo11n,0%,0,unbuffered_max_tau,0.49472,0.8390342052313883,0.8203703703703703,1.866383486101797,True
yolo11n,0%,0,buffered_b_2.5pp,0.3706,0.8490945674044266,0.8203703703703703,2.8724197034056265,True
yolo11n,0%,0,buffered_b_5.0pp,0.35455,0.8511066398390342,0.8203703703703703,3.0736269468663924,True
yolo11n,0%,0,buffered_b_7.5pp,0.04404,0.9074446680080482,0.8203703703703703,8.707429763767793,True
yolo11n,0%,0,buffered_b_10.0pp,0.01471,0.9255533199195171,0.8203703703703703,10.518294954914676,True
yolo11n,0%,0,plateau_rule,0.35,0.8511066398390342,0.8203703703703703,3.0736269468663924,True
yolo11n,0%,0,clopper_pearson_event,0.64861,0.7272727272727273,0.7790778080544442,-5.180508078171686,False
yolo11n,0%,1,fixed_025,0.25,0.8551307847082495,0.7625,9.26307847082496,True
yolo11n,0%,1,unbuffered_max_tau,0.75582,0.2727272727272727,0.7625,-48.97727272727273,False
yolo11n,0%,1,buffered_b_2.5pp,0.75481,0.2727272727272727,0.7625,-48.97727272727273,False
yolo11n,0%,1,buffered_b_5.0pp,0.74247,0.45454545454545453,0.7625,-30.795454545454543,False
yolo11n,0%,1,buffered_b_7.5pp,0.15046,0.8732394366197183,0.7625,11.07394366197183,True
yolo11n,0%,1,buffered_b_10.0pp,0.05157,0.903420523138833,0.7625,14.092052313883308,True
yolo11n,0%,1,plateau_rule,0.7499999999999999,0.42424242424242425,0.7625,-33.82575757575757,False
yolo11n,0%,1,clopper_pearson_event,0.75582,0.2727272727272727,0.7790778080544442,-50.635053532717144,False
yolo11n,0%,2,fixed_025,0.25,0.8631790744466801,0.7833333333333333,7.984574111334675,True
yolo11n,0%,2,unbuffered_max_tau,0.7152,0.5454545454545454,0.7833333333333333,-23.787878787878793,False
yolo11n,0%,2,buffered_b_2.5pp,0.60571,0.8169014084507042,0.7833333333333333,3.356807511737092,True
yolo11n,0%,2,buffered_b_5.0pp,0.45951,0.8484848484848485,0.7833333333333333,6.515151515151518,True
yolo11n,0%,2,buffered_b_7.5pp,0.04953,0.9054325955734407,0.7833333333333333,12.209926224010736,True
yolo11n,0%,2,buffered_b_10.0pp,0.00328,0.9356136820925554,0.7833333333333333,15.228034875922203,True
yolo11n,0%,2,plateau_rule,0.7,0.6363636363636364,0.7833333333333333,-14.696969696969697,False
yolo11n,0%,2,clopper_pearson_event,0.71657,0.5454545454545454,0.7790778080544442,-23.362326259989874,False
yolo11n,0%,3,fixed_025,0.25,0.8551307847082495,0.8018518518518518,5.327893285639773,True
yolo11n,0%,3,unbuffered_max_tau,0.73475,0.6639839034205232,0.8018518518518518,-13.786794843132865,False
yolo11n,0%,3,buffered_b_2.5pp,0.46443,0.7987927565392354,0.8018518518518518,-0.3059095312616389,False
yolo11n,0%,3,buffered_b_5.0pp,0.38549,0.8249496981891348,0.8018518518518518,2.3097846337282957,True
yolo11n,0%,3,buffered_b_7.5pp,0.05683,0.8812877263581489,0.8018518518518518,7.943587450629708,True
yolo11n,0%,3,buffered_b_10.0pp,0.00301,0.9456740442655935,0.8018518518518518,14.382219241374173,True
yolo11n,0%,3,plateau_rule,0.7,0.7122736418511066,0.8018518518518518,-8.957821000074517,False
yolo11n,0%,3,clopper_pearson_event,0.74426,0.6559356136820925,0.7790778080544442,-12.314219437235163,False
yolo11n,0%,4,fixed_025,0.25,0.8832997987927566,0.7625,12.07997987927566,True
yolo11n,0%,4,unbuffered_max_tau,0.764,0.5454545454545454,0.7625,-21.704545454545453,False
yolo11n,0%,4,buffered_b_2.5pp,0.71927,0.696969696969697,0.7625,-6.553030303030294,False
yolo11n,0%,4,buffered_b_5.0pp,0.70966,0.696969696969697,0.7625,-6.553030303030294,False
yolo11n,0%,4,buffered_b_7.5pp,0.12871,0.9054325955734407,0.7625,14.293259557344074,True
yolo11n,0%,4,buffered_b_10.0pp,0.01615,0.9396378269617707,0.7625,17.71378269617707,True
yolo11n,0%,4,plateau_rule,0.7,0.7272727272727273,0.7625,-3.5227272727272663,False
yolo11n,0%,4,clopper_pearson_event,0.71927,0.696969696969697,0.7790778080544442,-8.210811108474713,False
yolo11n,10%,0,fixed_025,0.25,0.8209255533199196,0.79375,2.717555331991961,True
yolo11n,10%,0,unbuffered_max_tau,0.68107,0.48484848484848486,0.79375,-30.89015151515151,False
yolo11n,10%,0,buffered_b_2.5pp,0.32932,0.8128772635814889,0.79375,1.9127263581488974,True
yolo11n,10%,0,buffered_b_5.0pp,0.32932,0.8128772635814889,0.79375,1.9127263581488974,True
yolo11n,10%,0,buffered_b_7.5pp,0.19593,0.8289738430583501,0.79375,3.5223843058350135,True
yolo11n,10%,0,buffered_b_10.0pp,0.00496,0.8812877263581489,0.79375,8.753772635814894,True
yolo11n,10%,0,plateau_rule,0.3,0.8169014084507042,0.79375,2.315140845070429,True
yolo11n,10%,0,clopper_pearson_event,0.68205,0.48484848484848486,0.7790778080544442,-29.42293232059593,False
yolo11n,10%,1,fixed_025,0.25,0.8289738430583501,0.7833333333333333,4.5640509725016765,True
yolo11n,10%,1,unbuffered_max_tau,0.73971,0.5757575757575758,0.7833333333333333,-20.75757575757575,False
yolo11n,10%,1,buffered_b_2.5pp,0.66939,0.696969696969697,0.7833333333333333,-8.636363636363631,False
yolo11n,10%,1,buffered_b_5.0pp,0.27578,0.8269617706237424,0.7833333333333333,4.362843729040911,True
yolo11n,10%,1,buffered_b_7.5pp,0.00222,0.9195171026156942,0.7833333333333333,13.618376928236087,True
yolo11n,10%,1,buffered_b_10.0pp,0.00181,0.9235412474849095,0.7833333333333333,14.020791415157618,True
yolo11n,10%,1,plateau_rule,0.7499999999999999,0.5454545454545454,0.7833333333333333,-23.787878787878793,False
yolo11n,10%,1,clopper_pearson_event,0.73971,0.5757575757575758,0.7790778080544442,-20.332023229686836,False
yolo11n,10%,2,fixed_025,0.25,0.8631790744466801,0.8018518518518518,6.132722259482826,True
yolo11n,10%,2,unbuffered_max_tau,0.67483,0.6666666666666666,0.8018518518518518,-13.518518518518519,False
yolo11n,10%,2,buffered_b_2.5pp,0.52764,0.8181818181818182,0.8018518518518518,1.6329966329966417,True
yolo11n,10%,2,buffered_b_5.0pp,0.44578,0.8484848484848485,0.8018518518518518,4.66329966329967,True
yolo11n,10%,2,buffered_b_7.5pp,0.03001,0.8993963782696177,0.8018518518518518,9.75445264177659,True
yolo11n,10%,2,buffered_b_10.0pp,0.00528,0.9235412474849095,0.8018518518518518,12.16893956330577,True
yolo11n,10%,2,plateau_rule,0.49999999999999994,0.8181818181818182,0.8018518518518518,1.6329966329966417,True
yolo11n,10%,2,clopper_pearson_event,0.7147,0.6363636363636364,0.7790778080544442,-14.271417169080781,False
yolo11n,20%,0,fixed_025,0.25,0.8350100603621731,0.825,1.0010060362173112,True
yolo11n,20%,0,unbuffered_max_tau,0.42078,0.806841046277666,0.825,-1.8158953722334004,False
yolo11n,20%,0,buffered_b_2.5pp,0.31339,0.8209255533199196,0.825,-0.407444668008039,False
yolo11n,20%,0,buffered_b_5.0pp,0.31339,0.8209255533199196,0.825,-0.407444668008039,False
yolo11n,20%,0,buffered_b_7.5pp,0.05216,0.8732394366197183,0.825,4.82394366197183,True
yolo11n,20%,0,buffered_b_10.0pp,0.01228,0.8893360160965795,0.825,6.433601609657957,True
yolo11n,20%,0,plateau_rule,0.3,0.8269617706237424,0.825,0.1961770623742476,True
yolo11n,20%,0,clopper_pearson_event,0.72196,0.42424242424242425,0.7790778080544442,-35.48353838120199,False
yolo11n,20%,1,fixed_025,0.25,0.8511066398390342,0.825,2.6106639839034274,True
yolo11n,20%,1,unbuffered_max_tau,0.3511,0.8350100603621731,0.825,1.0010060362173112,True
yolo11n,20%,1,buffered_b_2.5pp,0.33763,0.8350100603621731,0.825,1.0010060362173112,True
yolo11n,20%,1,buffered_b_5.0pp,0.28066,0.8430583501006036,0.825,1.8058350100603637,True
yolo11n,20%,1,buffered_b_7.5pp,0.03015,0.9014084507042254,0.825,7.640845070422541,True
yolo11n,20%,1,buffered_b_10.0pp,0.00487,0.9295774647887324,0.825,10.457746478873242,True
yolo11n,20%,1,plateau_rule,0.35,0.8350100603621731,0.825,1.0010060362173112,True
yolo11n,20%,1,clopper_pearson_event,0.74885,0.6659959758551308,0.7790778080544442,-11.308183219931333,False
yolo11n,20%,2,fixed_025,0.25,0.8350100603621731,0.79375,4.126006036217311,True
yolo11n,20%,2,unbuffered_max_tau,0.6695,0.6363636363636364,0.79375,-15.73863636363636,False
yolo11n,20%,2,buffered_b_2.5pp,0.27552,0.8350100603621731,0.79375,4.126006036217311,True
yolo11n,20%,2,buffered_b_5.0pp,0.27552,0.8350100603621731,0.79375,4.126006036217311,True
yolo11n,20%,2,buffered_b_7.5pp,0.2424,0.8350100603621731,0.79375,4.126006036217311,True
yolo11n,20%,2,buffered_b_10.0pp,0.11648,0.8470824949698189,0.79375,5.333249496981896,True
yolo11n,20%,2,plateau_rule,0.25,0.8350100603621731,0.79375,4.126006036217311,True
yolo11n,20%,2,clopper_pearson_event,0.69035,0.6060606060606061,0.7790778080544442,-17.30172019938381,False
yolo11n,30%,0,fixed_025,0.25,0.8148893360160966,0.79375,2.1139336016096633,True
yolo11n,30%,0,unbuffered_max_tau,0.70903,0.5454545454545454,0.79375,-24.829545454545453,False
yolo11n,30%,0,buffered_b_2.5pp,0.44998,0.8028169014084507,0.79375,0.9066901408450789,True
yolo11n,30%,0,buffered_b_5.0pp,0.44998,0.8028169014084507,0.79375,0.9066901408450789,True
yolo11n,30%,0,buffered_b_7.5pp,0.24912,0.8148893360160966,0.79375,2.1139336016096633,True
yolo11n,30%,0,buffered_b_10.0pp,0.00525,0.8551307847082495,0.79375,6.13807847082496,True
yolo11n,30%,0,plateau_rule,0.39999999999999997,0.8108651911468813,0.79375,1.7115191146881314,True
yolo11n,30%,0,clopper_pearson_event,0.72072,0.5151515151515151,0.7790778080544442,-26.392629290292902,False
yolo11n,30%,1,fixed_025,0.25,0.8490945674044266,0.7625,8.65945674044266,True
yolo11n,30%,1,unbuffered_max_tau,0.76023,0.5454545454545454,0.7625,-21.704545454545453,False
yolo11n,30%,1,buffered_b_2.5pp,0.71715,0.5454545454545454,0.7625,-21.704545454545453,False
yolo11n,30%,1,buffered_b_5.0pp,0.66359,0.6060606060606061,0.7625,-15.643939393939387,False
yolo11n,30%,1,buffered_b_7.5pp,0.21963,0.8490945674044266,0.7625,8.65945674044266,True
yolo11n,30%,1,buffered_b_10.0pp,0.17844,0.8531187122736419,0.7625,9.061871227364193,True
yolo11n,30%,1,plateau_rule,0.7,0.5757575757575758,0.7625,-18.674242424242415,False
yolo11n,30%,1,clopper_pearson_event,0.71715,0.5454545454545454,0.7790778080544442,-23.362326259989874,False
yolo11n,30%,2,fixed_025,0.25,0.8430583501006036,0.7833333333333333,5.972501676727027,True
yolo11n,30%,2,unbuffered_max_tau,0.65301,0.7424547283702213,0.7833333333333333,-4.087860496311202,False
yolo11n,30%,2,buffered_b_2.5pp,0.49946,0.8008048289738431,0.7833333333333333,1.747149564050976,True
yolo11n,30%,2,buffered_b_5.0pp,0.44234,0.8209255533199196,0.7833333333333333,3.759221998658624,True
yolo11n,30%,2,buffered_b_7.5pp,0.00346,0.9215291750503019,0.7833333333333333,13.819584171696853,True
yolo11n,30%,2,buffered_b_10.0pp,0.00294,0.9235412474849095,0.7833333333333333,14.020791415157618,True
yolo11n,30%,2,plateau_rule,0.6499999999999999,0.7424547283702213,0.7833333333333333,-4.087860496311202,False
yolo11n,30%,2,clopper_pearson_event,0.65301,0.7424547283702213,0.7790778080544442,-3.662307968422285,False
yolo11n,40%,0,fixed_025,0.25,0.8430583501006036,0.7625,8.055835010060363,True
yolo11n,40%,0,unbuffered_max_tau,0.67532,0.5757575757575758,0.7625,-18.674242424242415,False
yolo11n,40%,0,buffered_b_2.5pp,0.51502,0.6666666666666666,0.7625,-9.583333333333332,False
yolo11n,40%,0,buffered_b_5.0pp,0.43773,0.7272727272727273,0.7625,-3.5227272727272663,False
yolo11n,40%,0,buffered_b_7.5pp,0.06837,0.8853118712273642,0.7625,12.281187122736426,True
yolo11n,40%,0,buffered_b_10.0pp,0.05414,0.8913480885311871,0.7625,12.884808853118713,True
yolo11n,40%,0,plateau_rule,0.6499999999999999,0.5757575757575758,0.7625,-18.674242424242415,False
yolo11n,40%,0,clopper_pearson_event,0.51502,0.6666666666666666,0.7790778080544442,-11.241114138777753,False
yolo11n,40%,1,fixed_025,0.25,0.8611670020120724,0.79375,6.741700201207246,True
yolo11n,40%,1,unbuffered_max_tau,0.74921,0.6060606060606061,0.79375,-18.768939393939387,False
yolo11n,40%,1,buffered_b_2.5pp,0.56844,0.7878787878787878,0.79375,-0.587121212121211,False
yolo11n,40%,1,buffered_b_5.0pp,0.56844,0.7878787878787878,0.79375,-0.587121212121211,False
yolo11n,40%,1,buffered_b_7.5pp,0.01474,0.8953722334004024,0.79375,10.162223340040244,True
yolo11n,40%,1,buffered_b_10.0pp,0.00331,0.9175050301810865,0.79375,12.375503018108658,True
yolo11n,40%,1,plateau_rule,0.5499999999999999,0.7878787878787878,0.79375,-0.587121212121211,False
yolo11n,40%,1,clopper_pearson_event,0.75451,0.5757575757575758,0.7790778080544442,-20.332023229686836,False
yolo11n,40%,2,fixed_025,0.25,0.8289738430583501,0.7833333333333333,4.5640509725016765,True
yolo11n,40%,2,unbuffered_max_tau,0.70374,0.6666666666666666,0.7833333333333333,-11.66666666666667,False
yolo11n,40%,2,buffered_b_2.5pp,0.66693,0.6666666666666666,0.7833333333333333,-11.66666666666667,False
yolo11n,40%,2,buffered_b_5.0pp,0.6373,0.7575757575757576,0.7833333333333333,-2.5757575757575757,False
yolo11n,40%,2,buffered_b_7.5pp,0.10164,0.8390342052313883,0.7833333333333333,5.570087189805495,True
yolo11n,40%,2,buffered_b_10.0pp,0.03043,0.8531187122736419,0.7833333333333333,6.978537894030856,True
yolo11n,40%,2,plateau_rule,0.7,0.6666666666666666,0.7833333333333333,-11.66666666666667,False
yolo11n,40%,2,clopper_pearson_event,0.7083,0.6666666666666666,0.7790778080544442,-11.241114138777753,False
yolo11n,50%,0,fixed_025,0.25,0.8913480885311871,0.79375,9.759808853118713,True
yolo11n,50%,0,unbuffered_max_tau,0.69022,0.30303030303030304,0.79375,-49.07196969696969,False
yolo11n,50%,0,buffered_b_2.5pp,0.26588,0.8893360160965795,0.79375,9.558601609657957,True
yolo11n,50%,0,buffered_b_5.0pp,0.26588,0.8893360160965795,0.79375,9.558601609657957,True
yolo11n,50%,0,buffered_b_7.5pp,0.09635,0.9074446680080482,0.79375,11.369466800804828,True
yolo11n,50%,0,buffered_b_10.0pp,0.01619,0.9295774647887324,0.79375,13.582746478873242,True
yolo11n,50%,0,plateau_rule,0.25,0.8913480885311871,0.79375,9.759808853118713,True
yolo11n,50%,0,clopper_pearson_event,0.69314,0.30303030303030304,0.7790778080544442,-47.60475050241411,False
yolo11n,50%,1,fixed_025,0.25,0.8470824949698189,0.7625,8.458249496981896,True
yolo11n,50%,1,unbuffered_max_tau,0.69426,0.2727272727272727,0.7625,-48.97727272727273,False
yolo11n,50%,1,buffered_b_2.5pp,0.54521,0.6060606060606061,0.7625,-15.643939393939387,False
yolo11n,50%,1,buffered_b_5.0pp,0.54521,0.6060606060606061,0.7625,-15.643939393939387,False
yolo11n,50%,1,buffered_b_7.5pp,0.17139,0.8484848484848485,0.7625,8.598484848484855,True
yolo11n,50%,1,buffered_b_10.0pp,0.10996,0.8853118712273642,0.7625,12.281187122736426,True
yolo11n,50%,1,plateau_rule,0.49999999999999994,0.6363636363636364,0.7625,-12.61363636363636,False
yolo11n,50%,1,clopper_pearson_event,0.64278,0.45454545454545453,0.7790778080544442,-32.453235350898964,False
yolo11n,50%,2,fixed_025,0.25,0.8350100603621731,0.79375,4.126006036217311,True
yolo11n,50%,2,unbuffered_max_tau,0.52684,0.696969696969697,0.79375,-9.678030303030294,False
yolo11n,50%,2,buffered_b_2.5pp,0.35848,0.8209255533199196,0.79375,2.717555331991961,True
yolo11n,50%,2,buffered_b_5.0pp,0.26574,0.8329979879275654,0.79375,3.9247987927565453,True
yolo11n,50%,2,buffered_b_7.5pp,0.08486,0.8490945674044266,0.79375,5.5344567404426614,True
yolo11n,50%,2,buffered_b_10.0pp,0.00237,0.9094567404426559,0.79375,11.570674044265594,True
yolo11n,50%,2,plateau_rule,0.6499999999999999,0.6060606060606061,0.79375,-18.768939393939387,False
yolo11n,50%,2,clopper_pearson_event,0.52684,0.696969696969697,0.7790778080544442,-8.210811108474713,False
yolo26n,0%,0,fixed_025,0.25,0.8289738430583501,0.79375,3.5223843058350135,True
yolo26n,0%,0,unbuffered_max_tau,0.46751,0.8008048289738431,0.79375,0.705482897384313,True
yolo26n,0%,0,buffered_b_2.5pp,0.28373,0.8269617706237424,0.79375,3.3211770623742476,True
yolo26n,0%,0,buffered_b_5.0pp,0.28373,0.8269617706237424,0.79375,3.3211770623742476,True
yolo26n,0%,0,buffered_b_7.5pp,0.08401,0.8511066398390342,0.79375,5.735663983903427,True
yolo26n,0%,0,buffered_b_10.0pp,0.00736,0.8873239436619719,0.79375,9.357394366197191,True
yolo26n,0%,0,plateau_rule,0.25,0.8289738430583501,0.79375,3.5223843058350135,True
yolo26n,0%,0,clopper_pearson_event,0.49556,0.7947686116700201,0.7790778080544442,1.5690803615575954,True
yolo26n,0%,1,fixed_025,0.25,0.8484848484848485,0.79375,5.473484848484855,True
yolo26n,0%,1,unbuffered_max_tau,0.61192,0.5757575757575758,0.79375,-21.799242424242415,False
yolo26n,0%,1,buffered_b_2.5pp,0.58347,0.5757575757575758,0.79375,-21.799242424242415,False
yolo26n,0%,1,buffered_b_5.0pp,0.39136,0.8181818181818182,0.79375,2.4431818181818277,True
yolo26n,0%,1,buffered_b_7.5pp,0.10135,0.8873239436619719,0.79375,9.357394366197191,True
yolo26n,0%,1,buffered_b_10.0pp,0.00414,0.9215291750503019,0.79375,12.777917505030189,True
yolo26n,0%,1,plateau_rule,0.5499999999999999,0.6363636363636364,0.79375,-15.73863636363636,False
yolo26n,0%,1,clopper_pearson_event,0.65908,0.5454545454545454,0.7790778080544442,-23.362326259989874,False
yolo26n,0%,2,fixed_025,0.25,0.8181818181818182,0.8018518518518518,1.6329966329966417,True
yolo26n,0%,2,unbuffered_max_tau,0.47203,0.7575757575757576,0.8018518518518518,-4.427609427609425,False
yolo26n,0%,2,buffered_b_2.5pp,0.39699,0.7575757575757576,0.8018518518518518,-4.427609427609425,False
yolo26n,0%,2,buffered_b_5.0pp,0.3248,0.7878787878787878,0.8018518518518518,-1.397306397306397,False
yolo26n,0%,2,buffered_b_7.5pp,0.00503,0.9275653923541247,0.8018518518518518,12.57135405022729,True
yolo26n,0%,2,buffered_b_10.0pp,0.00111,0.9396378269617707,0.8018518518518518,13.778597510991887,True
yolo26n,0%,2,plateau_rule,0.35,0.7878787878787878,0.8018518518518518,-1.397306397306397,False
yolo26n,0%,2,clopper_pearson_event,0.58654,0.7272727272727273,0.7790778080544442,-5.180508078171686,False
yolo26n,10%,0,fixed_025,0.25,0.8181818181818182,0.8018518518518518,1.6329966329966417,True
yolo26n,10%,0,unbuffered_max_tau,0.72404,0.6363636363636364,0.8018518518518518,-16.548821548821547,False
yolo26n,10%,0,buffered_b_2.5pp,0.45602,0.7878787878787878,0.8018518518518518,-1.397306397306397,False
yolo26n,10%,0,buffered_b_5.0pp,0.35521,0.7878787878787878,0.8018518518518518,-1.397306397306397,False
yolo26n,10%,0,buffered_b_7.5pp,0.0031,0.8953722334004024,0.8018518518518518,9.352038154855059,True
yolo26n,10%,0,buffered_b_10.0pp,0.00194,0.9054325955734407,0.8018518518518518,10.358074372158887,True
yolo26n,10%,0,plateau_rule,0.7999999999999998,0.5454545454545454,0.8018518518518518,-25.63973063973064,False
yolo26n,10%,0,clopper_pearson_event,0.76846,0.5757575757575758,0.7790778080544442,-20.332023229686836,False
yolo26n,10%,1,fixed_025,0.25,0.7575757575757576,0.825,-6.742424242424239,False
yolo26n,10%,1,unbuffered_max_tau,0.47966,0.6060606060606061,0.825,-21.893939393939387,False
yolo26n,10%,1,buffered_b_2.5pp,0.33912,0.6666666666666666,0.825,-15.833333333333332,False
yolo26n,10%,1,buffered_b_5.0pp,0.26127,0.7575757575757576,0.825,-6.742424242424239,False
yolo26n,10%,1,buffered_b_7.5pp,0.05982,0.8181818181818182,0.825,-0.6818181818181723,False
yolo26n,10%,1,buffered_b_10.0pp,0.00139,0.8913480885311871,0.825,6.634808853118712,True
yolo26n,10%,1,plateau_rule,0.3,0.696969696969697,0.825,-12.803030303030294,False
yolo26n,10%,1,clopper_pearson_event,0.57533,0.6060606060606061,0.7790778080544442,-17.30172019938381,False
yolo26n,10%,2,fixed_025,0.25,0.7878787878787878,0.79375,-0.587121212121211,False
yolo26n,10%,2,unbuffered_max_tau,0.55309,0.6060606060606061,0.79375,-18.768939393939387,False
yolo26n,10%,2,buffered_b_2.5pp,0.27735,0.7575757575757576,0.79375,-3.6174242424242387,False
yolo26n,10%,2,buffered_b_5.0pp,0.27735,0.7575757575757576,0.79375,-3.6174242424242387,False
yolo26n,10%,2,buffered_b_7.5pp,0.05086,0.9014084507042254,0.79375,10.765845070422541,True
yolo26n,10%,2,buffered_b_10.0pp,,,0.79375,,False
yolo26n,10%,2,plateau_rule,0.25,0.7878787878787878,0.79375,-0.587121212121211,False
yolo26n,10%,2,clopper_pearson_event,0.69104,0.5151515151515151,0.7790778080544442,-26.392629290292902,False
yolo26n,20%,0,fixed_025,0.25,0.7272727272727273,0.7833333333333333,-5.606060606060604,False
yolo26n,20%,0,unbuffered_max_tau,0.75908,0.5757575757575758,0.7833333333333333,-20.75757575757575,False
yolo26n,20%,0,buffered_b_2.5pp,0.75908,0.5757575757575758,0.7833333333333333,-20.75757575757575,False
yolo26n,20%,0,buffered_b_5.0pp,0.73609,0.6666666666666666,0.7833333333333333,-11.66666666666667,False
yolo26n,20%,0,buffered_b_7.5pp,0.05736,0.8484848484848485,0.7833333333333333,6.515151515151518,True
yolo26n,20%,0,buffered_b_10.0pp,0.01961,0.8928571428571429,0.7833333333333333,10.952380952380958,True
yolo26n,20%,0,plateau_rule,0.7499999999999999,0.6363636363636364,0.7833333333333333,-14.696969696969697,False
yolo26n,20%,0,clopper_pearson_event,0.82373,0.45454545454545453,0.7790778080544442,-32.453235350898964,False
yolo26n,20%,1,fixed_025,0.25,0.8484848484848485,0.8166666666666667,3.1818181818181857,True
yolo26n,20%,1,unbuffered_max_tau,0.4031,0.7575757575757576,0.8166666666666667,-5.909090909090908,False
yolo26n,20%,1,buffered_b_2.5pp,0.4031,0.7575757575757576,0.8166666666666667,-5.909090909090908,False
yolo26n,20%,1,buffered_b_5.0pp,0.39168,0.7575757575757576,0.8166666666666667,-5.909090909090908,False
yolo26n,20%,1,buffered_b_7.5pp,0.0183,0.903420523138833,0.8166666666666667,8.675385647216638,True
yolo26n,20%,1,buffered_b_10.0pp,0.00917,0.9134808853118712,0.8166666666666667,9.681421864520456,True
yolo26n,20%,1,plateau_rule,0.39999999999999997,0.7575757575757576,0.8166666666666667,-5.909090909090908,False
yolo26n,20%,1,clopper_pearson_event,0.69903,0.5151515151515151,0.6518363448688391,-13.668482971732399,False
yolo26n,20%,2,fixed_025,0.25,0.7878787878787878,0.7462962962962962,4.158249158249161,True
yolo26n,20%,2,unbuffered_max_tau,0.5862,0.6363636363636364,0.7462962962962962,-10.993265993265988,False
yolo26n,20%,2,buffered_b_2.5pp,0.52184,0.6363636363636364,0.7462962962962962,-10.993265993265988,False
yolo26n,20%,2,buffered_b_5.0pp,0.29591,0.7272727272727273,0.7462962962962962,-1.9023569023568943,False
yolo26n,20%,2,buffered_b_7.5pp,0.0994,0.8181818181818182,0.7462962962962962,7.188552188552199,True
yolo26n,20%,2,buffered_b_10.0pp,0.04339,0.8484848484848485,0.7462962962962962,10.218855218855227,True
yolo26n,20%,2,plateau_rule,0.5499999999999999,0.6363636363636364,0.7462962962962962,-10.993265993265988,False
yolo26n,20%,2,clopper_pearson_event,0.29591,0.7272727272727273,0.7790778080544442,-5.180508078171686,False
yolo26n,30%,0,fixed_025,0.25,0.7575757575757576,0.79375,-3.6174242424242387,False
yolo26n,30%,0,unbuffered_max_tau,0.71665,0.5454545454545454,0.79375,-24.829545454545453,False
yolo26n,30%,0,buffered_b_2.5pp,0.4287,0.6060606060606061,0.79375,-18.768939393939387,False
yolo26n,30%,0,buffered_b_5.0pp,0.4287,0.6060606060606061,0.79375,-18.768939393939387,False
yolo26n,30%,0,buffered_b_7.5pp,0.10215,0.7575757575757576,0.79375,-3.6174242424242387,False
yolo26n,30%,0,buffered_b_10.0pp,0.0012,0.8893360160965795,0.79375,9.558601609657957,True
yolo26n,30%,0,plateau_rule,0.39999999999999997,0.6060606060606061,0.79375,-18.768939393939387,False
yolo26n,30%,0,clopper_pearson_event,0.7601,0.5454545454545454,0.7790778080544442,-23.362326259989874,False
yolo26n,30%,1,fixed_025,0.25,0.8350100603621731,0.79375,4.126006036217311,True
yolo26n,30%,1,unbuffered_max_tau,0.51045,0.7272727272727273,0.79375,-6.647727272727266,False
yolo26n,30%,1,buffered_b_2.5pp,0.38831,0.8181818181818182,0.79375,2.4431818181818277,True
yolo26n,30%,1,buffered_b_5.0pp,0.38831,0.8181818181818182,0.79375,2.4431818181818277,True
yolo26n,30%,1,buffered_b_7.5pp,0.22355,0.8390342052313883,0.79375,4.528420523138832,True
yolo26n,30%,1,buffered_b_10.0pp,0.00203,0.9195171026156942,0.79375,12.576710261569424,True
yolo26n,30%,1,plateau_rule,0.35,0.8181818181818182,0.79375,2.4431818181818277,True
yolo26n,30%,1,clopper_pearson_event,0.57523,0.6060606060606061,0.7790778080544442,-17.30172019938381,False
yolo26n,30%,2,fixed_025,0.25,0.696969696969697,0.7833333333333333,-8.636363636363631,False
yolo26n,30%,2,unbuffered_max_tau,0.36498,0.696969696969697,0.7833333333333333,-8.636363636363631,False
yolo26n,30%,2,buffered_b_2.5pp,0.36498,0.696969696969697,0.7833333333333333,-8.636363636363631,False
yolo26n,30%,2,buffered_b_5.0pp,0.31134,0.696969696969697,0.7833333333333333,-8.636363636363631,False
yolo26n,30%,2,buffered_b_7.5pp,0.10349,0.8181818181818182,0.7833333333333333,3.4848484848484906,True
yolo26n,30%,2,buffered_b_10.0pp,0.00205,0.9114688128772636,0.7833333333333333,12.813547954393023,True
yolo26n,30%,2,plateau_rule,0.35,0.696969696969697,0.7833333333333333,-8.636363636363631,False
yolo26n,30%,2,clopper_pearson_event,0.81061,0.45454545454545453,0.6518363448688391,-19.72908903233846,False
yolo26n,40%,0,fixed_025,0.25,0.8470824949698189,0.825,2.2082494969818955,True
yolo26n,40%,0,unbuffered_max_tau,0.52337,0.6666666666666666,0.825,-15.833333333333332,False
yolo26n,40%,0,buffered_b_2.5pp,0.27709,0.8430583501006036,0.825,1.8058350100603637,True
yolo26n,40%,0,buffered_b_5.0pp,0.27709,0.8430583501006036,0.825,1.8058350100603637,True
yolo26n,40%,0,buffered_b_7.5pp,0.20192,0.8484848484848485,0.825,2.3484848484848553,True
yolo26n,40%,0,buffered_b_10.0pp,,,0.825,,False
yolo26n,40%,0,plateau_rule,0.25,0.8470824949698189,0.825,2.2082494969818955,True
yolo26n,40%,0,clopper_pearson_event,0.5528,0.6666666666666666,0.7790778080544442,-11.241114138777753,False
yolo26n,40%,1,fixed_025,0.25,0.8430583501006036,0.8203703703703703,2.2687979730233288,True
yolo26n,40%,1,unbuffered_max_tau,0.41804,0.7878787878787878,0.8203703703703703,-3.249158249158246,False
yolo26n,40%,1,buffered_b_2.5pp,0.37577,0.8181818181818182,0.8203703703703703,-0.2188552188552073,False
yolo26n,40%,1,buffered_b_5.0pp,0.37577,0.8181818181818182,0.8203703703703703,-0.2188552188552073,False
yolo26n,40%,1,buffered_b_7.5pp,0.05788,0.869215291750503,0.8203703703703703,4.884492138013274,True
yolo26n,40%,1,buffered_b_10.0pp,0.03596,0.8792756539235412,0.8203703703703703,5.890528355317093,True
yolo26n,40%,1,plateau_rule,0.35,0.8181818181818182,0.8203703703703703,-0.2188552188552073,False
yolo26n,40%,1,clopper_pearson_event,0.68258,0.696969696969697,0.7790778080544442,-8.210811108474713,False
yolo26n,40%,2,fixed_025,0.25,0.7878787878787878,0.8018518518518518,-1.397306397306397,False
yolo26n,40%,2,unbuffered_max_tau,0.67496,0.5757575757575758,0.8018518518518518,-22.609427609427602,False
yolo26n,40%,2,buffered_b_2.5pp,0.56768,0.6363636363636364,0.8018518518518518,-16.548821548821547,False
yolo26n,40%,2,buffered_b_5.0pp,0.50186,0.6666666666666666,0.8018518518518518,-13.518518518518519,False
yolo26n,40%,2,buffered_b_7.5pp,0.04734,0.8511066398390342,0.8018518518518518,4.925478798718242,True
yolo26n,40%,2,buffered_b_10.0pp,0.00929,0.8832997987927566,0.8018518518518518,8.144794694090473,True
yolo26n,40%,2,plateau_rule,0.6499999999999999,0.6060606060606061,0.8018518518518518,-19.579124579124574,False
yolo26n,40%,2,clopper_pearson_event,0.67716,0.5757575757575758,0.7790778080544442,-20.332023229686836,False
yolo26n,50%,0,fixed_025,0.25,0.8181818181818182,0.7625,5.568181818181827,True
yolo26n,50%,0,unbuffered_max_tau,0.48493,0.696969696969697,0.7625,-6.553030303030294,False
yolo26n,50%,0,buffered_b_2.5pp,0.27837,0.7878787878787878,0.7625,2.537878787878789,True
yolo26n,50%,0,buffered_b_5.0pp,0.27837,0.7878787878787878,0.7625,2.537878787878789,True
yolo26n,50%,0,buffered_b_7.5pp,0.23786,0.8484848484848485,0.7625,8.598484848484855,True
yolo26n,50%,0,buffered_b_10.0pp,0.16688,0.8484848484848485,0.7625,8.598484848484855,True
yolo26n,50%,0,plateau_rule,0.25,0.8181818181818182,0.7625,5.568181818181827,True
yolo26n,50%,0,clopper_pearson_event,0.46329,0.696969696969697,0.7790778080544442,-8.210811108474713,False
yolo26n,50%,1,fixed_025,0.25,0.8470824949698189,0.7833333333333333,6.3749161636485585,True
yolo26n,50%,1,unbuffered_max_tau,0.3687,0.7878787878787878,0.7833333333333333,0.4545454545454519,True
yolo26n,50%,1,buffered_b_2.5pp,0.3687,0.7878787878787878,0.7833333333333333,0.4545454545454519,True
yolo26n,50%,1,buffered_b_5.0pp,0.28832,0.8181818181818182,0.7833333333333333,3.4848484848484906,True
yolo26n,50%,1,buffered_b_7.5pp,0.13398,0.8591549295774648,0.7833333333333333,7.582159624413142,True
yolo26n,50%,1,buffered_b_10.0pp,0.01001,0.8993963782696177,0.7833333333333333,11.60630449362844,True
yolo26n,50%,1,plateau_rule,0.35,0.7878787878787878,0.7833333333333333,0.4545454545454519,True
yolo26n,50%,1,clopper_pearson_event,0.45711,0.7575757575757576,0.7790778080544442,-2.1502050478686585,False
yolo26n,50%,2,fixed_025,0.25,0.8229376257545271,0.79375,2.918762575452716,True
yolo26n,50%,2,unbuffered_max_tau,0.62703,0.6666666666666666,0.79375,-12.708333333333332,False
yolo26n,50%,2,buffered_b_2.5pp,0.31531,0.8128772635814889,0.79375,1.9127263581488974,True
yolo26n,50%,2,buffered_b_5.0pp,0.30033,0.8148893360160966,0.79375,2.1139336016096633,True
yolo26n,50%,2,buffered_b_7.5pp,0.08662,0.8551307847082495,0.79375,6.13807847082496,True
yolo26n,50%,2,buffered_b_10.0pp,,,0.79375,,False
yolo26n,50%,2,plateau_rule,0.3,0.8148893360160966,0.79375,2.1139336016096633,True
yolo26n,50%,2,clopper_pearson_event,0.64214,0.6060606060606061,0.7790778080544442,-17.30172019938381,False
