model,prune_ratio,seed,split,class_name,tp_count,gt_count,recall_at_0,tau_80,median_conf,p10_conf,p90_conf,mean_conf
yolo11n,0%,0,test,yawning,33,33,1.0,0.56681,0.71328,0.445034,0.749414,0.6364790909090909
yolo11n,0%,0,test,hand_over_mouth,27,28,0.9642857142857144,0.7138,0.74726,0.687326,0.756332,0.7116496296296296
yolo11n,0%,0,test,drinking,55,56,0.9821428571428572,0.69916,0.77663,0.618608,0.790886,0.7089658181818181
yolo11n,0%,0,test,phone_use,483,497,0.971830985915493,0.60204,0.76596,0.174896,0.791586,0.662561718426501
yolo11n,0%,1,test,yawning,33,33,1.0,0.49261,0.73076,0.348856,0.77569,0.6300657575757576
yolo11n,0%,1,test,hand_over_mouth,27,28,0.9642857142857144,0.7652,0.79956,0.6267240000000001,0.817694,0.7490677777777777
yolo11n,0%,1,test,drinking,55,56,0.9821428571428572,0.7648,0.8216,0.570378,0.841954,0.7547996363636363
yolo11n,0%,1,test,phone_use,477,497,0.959758551307847,0.5578,0.78863,0.2118700000000001,0.830186,0.681893857442348
yolo11n,0%,2,test,yawning,33,33,1.0,0.60811,0.71788,0.377568,0.7635740000000001,0.6363866666666668
yolo11n,0%,2,test,hand_over_mouth,28,28,1.0,0.82193,0.8386199999999999,0.798319,0.844691,0.8035525000000001
yolo11n,0%,2,test,drinking,55,56,0.9821428571428572,0.80544,0.81892,0.70286,0.827578,0.7613070909090909
yolo11n,0%,2,test,phone_use,471,497,0.9476861167002012,0.62157,0.79949,0.39799,0.82879,0.7089257324840764
yolo11n,0%,3,test,yawning,33,33,1.0,0.67558,0.7877,0.6689120000000001,0.80689,0.7453769696969698
yolo11n,0%,3,test,hand_over_mouth,27,28,0.9642857142857144,0.78801,0.80637,0.75902,0.8243699999999999,0.773628888888889
yolo11n,0%,3,test,drinking,55,56,0.9821428571428572,0.74794,0.77153,0.59888,0.788236,0.7055721818181815
yolo11n,0%,3,test,phone_use,478,497,0.9617706237424548,0.46114,0.794475,0.155233,0.81926,0.6709812970711297
yolo11n,0%,4,test,yawning,33,33,1.0,0.61373,0.7722,0.506682,0.811134,0.6866281818181819
yolo11n,0%,4,test,hand_over_mouth,27,28,0.9642857142857144,0.75857,0.82572,0.721706,0.842176,0.804262962962963
yolo11n,0%,4,test,drinking,56,56,1.0,0.80722,0.8352999999999999,0.72587,0.8516699999999999,0.78835
yolo11n,0%,4,test,phone_use,475,497,0.9557344064386318,0.6052,0.79685,0.41416,0.827228,0.7055588631578946
yolo11n,10%,0,test,yawning,33,33,1.0,0.47813,0.67842,0.24523,0.757106,0.5993136363636362
yolo11n,10%,0,test,hand_over_mouth,27,28,0.9642857142857144,0.74703,0.82842,0.576234,0.852262,0.7533700000000001
yolo11n,10%,0,test,drinking,55,56,0.9821428571428572,0.79479,0.82114,0.667774,0.826904,0.7545401818181817
yolo11n,10%,0,test,phone_use,451,497,0.9074446680080482,0.4169,0.79072,0.30489,0.82583,0.6885989356984479
yolo11n,10%,1,test,yawning,33,33,1.0,0.40476,0.77436,0.19918,0.833784,0.644230303030303
yolo11n,10%,1,test,hand_over_mouth,27,28,0.9642857142857144,0.78474,0.82649,0.7512220000000001,0.840666,0.7894396296296298
yolo11n,10%,1,test,drinking,55,56,0.9821428571428572,0.8061,0.82528,0.752972,0.837884,0.7921723636363636
yolo11n,10%,1,test,phone_use,464,497,0.9336016096579476,0.43682,0.8105249999999999,0.158509,0.836214,0.6892274784482759
yolo11n,10%,2,test,yawning,33,33,1.0,0.62464,0.76456,0.342872,0.803996,0.668519696969697
yolo11n,10%,2,test,hand_over_mouth,28,28,1.0,0.79305,0.849045,0.666599,0.874895,0.7882764285714285
yolo11n,10%,2,test,drinking,55,56,0.9821428571428572,0.79008,0.82364,0.769326,0.844428,0.8024612727272726
yolo11n,10%,2,test,phone_use,470,497,0.9456740442655936,0.64348,0.7994399999999999,0.4631870000000001,0.82999,0.7113718510638298
yolo11n,20%,0,test,yawning,33,33,1.0,0.51133,0.71724,0.45935,0.756896,0.638711515151515
yolo11n,20%,0,test,hand_over_mouth,27,28,0.9642857142857144,0.83771,0.85988,0.8271620000000001,0.869128,0.8395803703703705
yolo11n,20%,0,test,drinking,55,56,0.9821428571428572,0.82047,0.84742,0.730324,0.854402,0.8137067272727274
yolo11n,20%,0,test,phone_use,459,497,0.9235412474849096,0.44454,0.80619,0.2882480000000001,0.835886,0.705014008714597
yolo11n,20%,1,test,yawning,33,33,1.0,0.60368,0.79353,0.56799,0.8208,0.7121609090909091
yolo11n,20%,1,test,hand_over_mouth,27,28,0.9642857142857144,0.80816,0.8247,0.756938,0.833612,0.8105222222222221
yolo11n,20%,1,test,drinking,56,56,1.0,0.77823,0.82518,0.67788,0.83475,0.7737478571428572
yolo11n,20%,1,test,phone_use,474,497,0.9537223340040242,0.54279,0.804745,0.1787090000000001,0.8263670000000001,0.6896605907172997
yolo11n,20%,2,test,yawning,33,33,1.0,0.46903,0.71758,0.362436,0.7927500000000001,0.6326942424242424
yolo11n,20%,2,test,hand_over_mouth,27,28,0.9642857142857144,0.81536,0.83841,0.80792,0.850168,0.8241666666666666
yolo11n,20%,2,test,drinking,55,56,0.9821428571428572,0.7359,0.75486,0.544026,0.768856,0.6940005454545454
yolo11n,20%,2,test,phone_use,472,497,0.9496981891348087,0.59126,0.7894,0.080821,0.820914,0.6823863559322034
yolo11n,30%,0,test,yawning,33,33,1.0,0.47345,0.74627,0.374604,0.766162,0.641409696969697
yolo11n,30%,0,test,hand_over_mouth,27,28,0.9642857142857144,0.81662,0.85024,0.754432,0.871114,0.8282011111111109
yolo11n,30%,0,test,drinking,54,56,0.9642857142857144,0.78297,0.8345899999999999,0.753804,0.8466049999999999,0.7692588888888887
yolo11n,30%,0,test,phone_use,447,497,0.8993963782696177,0.45057,0.8097,0.417024,0.83537,0.7132447874720358
yolo11n,30%,1,test,yawning,33,33,1.0,0.54564,0.77075,0.371348,0.791882,0.6460248484848485
yolo11n,30%,1,test,hand_over_mouth,27,28,0.9642857142857144,0.78117,0.83133,0.762948,0.843928,0.7905796296296297
yolo11n,30%,1,test,drinking,55,56,0.9821428571428572,0.8007,0.82807,0.7220219999999999,0.844878,0.7705441818181817
yolo11n,30%,1,test,phone_use,472,497,0.9496981891348087,0.57342,0.81967,0.165772,0.840229,0.7073854449152543
yolo11n,30%,2,test,yawning,33,33,1.0,0.6792,0.76251,0.583444,0.788172,0.7245984848484849
yolo11n,30%,2,test,hand_over_mouth,28,28,1.0,0.68809,0.807815,0.67132,0.85089,0.7457317857142857
yolo11n,30%,2,test,drinking,55,56,0.9821428571428572,0.73359,0.81025,0.659574,0.83156,0.7646069090909088
yolo11n,30%,2,test,phone_use,469,497,0.943661971830986,0.4997,0.7842,0.214986,0.822644,0.6765330063965884
yolo11n,40%,0,test,yawning,33,33,1.0,0.25785,0.69542,0.135168,0.774792,0.5613618181818181
yolo11n,40%,0,test,hand_over_mouth,27,28,0.9642857142857144,0.7327,0.76777,0.711252,0.789252,0.7367381481481481
yolo11n,40%,0,test,drinking,55,56,0.9821428571428572,0.76489,0.81889,0.6744060000000001,0.844334,0.7655861818181819
yolo11n,40%,0,test,phone_use,470,497,0.9456740442655936,0.42384,0.804185,0.218089,0.839758,0.6854440425531915
yolo11n,40%,1,test,yawning,33,33,1.0,0.54455,0.76494,0.43055,0.79477,0.6804781818181819
yolo11n,40%,1,test,hand_over_mouth,27,28,0.9642857142857144,0.70615,0.81104,0.635954,0.829804,0.7318022222222221
yolo11n,40%,1,test,drinking,55,56,0.9821428571428572,0.78028,0.81808,0.6208300000000001,0.825708,0.7586441818181817
yolo11n,40%,1,test,phone_use,463,497,0.93158953722334,0.62371,0.80541,0.47924,0.826272,0.718932332613391
yolo11n,40%,2,test,yawning,33,33,1.0,0.51929,0.73312,0.439514,0.783902,0.6648642424242424
yolo11n,40%,2,test,hand_over_mouth,28,28,1.0,0.82835,0.8418650000000001,0.782216,0.851405,0.8017739285714285
yolo11n,40%,2,test,drinking,54,56,0.9642857142857144,0.74304,0.815215,0.4269170000000002,0.8351,0.7303003703703703
yolo11n,40%,2,test,phone_use,456,497,0.9175050301810864,0.5688,0.81622,0.306155,0.836245,0.7185211842105264
yolo11n,50%,0,test,yawning,33,33,1.0,0.45504,0.64562,0.38154,0.74492,0.5851654545454545
yolo11n,50%,0,test,hand_over_mouth,27,28,0.9642857142857144,0.77523,0.79732,0.77254,0.820662,0.7960514814814814
yolo11n,50%,0,test,drinking,56,56,1.0,0.78434,0.799605,0.599325,0.80865,0.7278430357142858
yolo11n,50%,0,test,phone_use,472,497,0.9496981891348087,0.56358,0.791885,0.465075,0.8230240000000001,0.6989962923728814
yolo11n,50%,1,test,yawning,33,33,1.0,0.32271,0.61217,0.157742,0.7510979999999999,0.5278339393939394
yolo11n,50%,1,test,hand_over_mouth,27,28,0.9642857142857144,0.73248,0.81558,0.696562,0.833636,0.7445455555555555
yolo11n,50%,1,test,drinking,55,56,0.9821428571428572,0.77047,0.8007,0.58142,0.809282,0.7380009090909089
yolo11n,50%,1,test,phone_use,479,497,0.9637826961770624,0.51022,0.78319,0.167238,0.82332,0.6692119206680586
yolo11n,50%,2,test,yawning,33,33,1.0,0.49956,0.67096,0.242114,0.7589779999999999,0.5854696969696971
yolo11n,50%,2,test,hand_over_mouth,27,28,0.9642857142857144,0.77794,0.80733,0.7544379999999999,0.82168,0.7820748148148148
yolo11n,50%,2,test,drinking,55,56,0.9821428571428572,0.73659,0.79403,0.622366,0.803538,0.7213740000000003
yolo11n,50%,2,test,phone_use,458,497,0.921529175050302,0.61797,0.80367,0.306203,0.829384,0.7119366812227075
yolo26n,0%,0,test,yawning,33,33,1.0,0.60367,0.72213,0.321108,0.840452,0.6701
yolo26n,0%,0,test,hand_over_mouth,27,28,0.9642857142857144,0.81516,0.86834,0.64162,0.904966,0.8108988888888888
yolo26n,0%,0,test,drinking,54,56,0.9642857142857144,0.77469,0.8961,0.708545,0.91467,0.8470270370370371
yolo26n,0%,0,test,phone_use,454,497,0.9134808853118712,0.47725,0.8794850000000001,0.3123330000000002,0.900603,0.7646305066079295
yolo26n,0%,1,test,yawning,33,33,1.0,0.43391,0.70305,0.14436,0.854036,0.6065009090909091
yolo26n,0%,1,test,hand_over_mouth,28,28,1.0,0.85234,0.883285,0.6592030000000001,0.90653,0.8156949999999998
yolo26n,0%,1,test,drinking,56,56,1.0,0.81309,0.8933599999999999,0.681605,0.908265,0.8344183928571428
yolo26n,0%,1,test,phone_use,467,497,0.9396378269617708,0.60969,0.88167,0.447882,0.901744,0.7768322483940043
yolo26n,0%,2,test,yawning,33,33,1.0,0.29041,0.7927,0.13012,0.878688,0.6363587878787879
yolo26n,0%,2,test,hand_over_mouth,27,28,0.9642857142857144,0.82294,0.87765,0.785236,0.8993760000000001,0.8471422222222222
yolo26n,0%,2,test,drinking,56,56,1.0,0.85066,0.9004449999999999,0.7186349999999999,0.91321,0.8401285714285714
yolo26n,0%,2,test,phone_use,467,497,0.9396378269617708,0.6244,0.8604,0.384048,0.883098,0.7565062526766595
yolo26n,10%,0,test,yawning,32,33,0.9696969696969696,0.25327,0.83554,0.049946,0.871842,0.6592690625
yolo26n,10%,0,test,hand_over_mouth,27,28,0.9642857142857144,0.82376,0.89354,0.7827919999999999,0.912392,0.8439948148148149
yolo26n,10%,0,test,drinking,54,56,0.9642857142857144,0.80429,0.9001600000000001,0.5073790000000001,0.913011,0.8171505555555557
yolo26n,10%,0,test,phone_use,451,497,0.9074446680080482,0.52234,0.86198,0.41986,0.89105,0.7663110199556541
yolo26n,10%,1,test,yawning,31,33,0.9393939393939394,0.09519,0.80121,0.03318,0.90593,0.610661935483871
yolo26n,10%,1,test,hand_over_mouth,27,28,0.9642857142857144,0.76112,0.90391,0.5123500000000001,0.920136,0.7944307407407407
yolo26n,10%,1,test,drinking,55,56,0.9821428571428572,0.81568,0.90528,0.6829080000000001,0.917258,0.8178681818181819
yolo26n,10%,1,test,phone_use,445,497,0.8953722334004024,0.55324,0.884,0.52983,0.904756,0.7825548089887641
yolo26n,10%,2,test,yawning,33,33,1.0,0.24987,0.69812,0.199088,0.830382,0.580739393939394
yolo26n,10%,2,test,hand_over_mouth,27,28,0.9642857142857144,0.72022,0.82912,0.644528,0.872136,0.783164074074074
yolo26n,10%,2,test,drinking,56,56,1.0,0.61904,0.866745,0.41006,0.908875,0.7475903571428572
yolo26n,10%,2,test,phone_use,475,497,0.9557344064386318,0.65584,0.8592,0.3361140000000003,0.8828,0.7528552842105264
yolo26n,20%,0,test,yawning,31,33,0.9393939393939394,0.14937,0.80063,0.14878,0.87957,0.653306129032258
yolo26n,20%,0,test,hand_over_mouth,26,28,0.9285714285714286,0.37693,0.91541,0.3712,0.92929,0.7908796153846154
yolo26n,20%,0,test,drinking,55,56,0.9821428571428572,0.7952,0.89442,0.722742,0.909778,0.8319778181818183
yolo26n,20%,0,test,phone_use,468,497,0.9416498993963782,0.6556,0.879765,0.480165,0.8984840000000001,0.782912670940171
yolo26n,20%,1,test,yawning,32,33,0.9696969696969696,0.38408,0.7760549999999999,0.102339,0.8581810000000001,0.617759375
yolo26n,20%,1,test,hand_over_mouth,27,28,0.9642857142857144,0.80577,0.87259,0.765428,0.902182,0.8332651851851851
yolo26n,20%,1,test,drinking,55,56,0.9821428571428572,0.82447,0.87564,0.688046,0.897818,0.8389658181818181
yolo26n,20%,1,test,phone_use,462,497,0.9295774647887324,0.70236,0.879485,0.558658,0.897129,0.7938001298701298
yolo26n,20%,2,test,yawning,33,33,1.0,0.1285,0.73226,0.032172,0.859826,0.5644912121212121
yolo26n,20%,2,test,hand_over_mouth,28,28,1.0,0.81514,0.885955,0.345276,0.924531,0.7904314285714286
yolo26n,20%,2,test,drinking,55,56,0.9821428571428572,0.82143,0.86471,0.729072,0.89624,0.8222247272727272
yolo26n,20%,2,test,phone_use,461,497,0.9275653923541248,0.49469,0.84745,0.31188,0.88536,0.7306022776572667
yolo26n,30%,0,test,yawning,32,33,0.9696969696969696,0.05637,0.79842,0.019978,0.886181,0.5722334375
yolo26n,30%,0,test,hand_over_mouth,26,28,0.9285714285714286,0.77103,0.90884,0.72746,0.9204,0.8403638461538462
yolo26n,30%,0,test,drinking,55,56,0.9821428571428572,0.86995,0.91752,0.837652,0.92941,0.8622330909090911
yolo26n,30%,0,test,phone_use,442,497,0.8893360160965795,0.37643,0.875935,0.378217,0.896153,0.7651546153846154
yolo26n,30%,1,test,yawning,33,33,1.0,0.39673,0.75744,0.259714,0.892616,0.6356757575757576
yolo26n,30%,1,test,hand_over_mouth,27,28,0.9642857142857144,0.7919,0.91077,0.524024,0.924484,0.7980948148148147
yolo26n,30%,1,test,drinking,55,56,0.9821428571428572,0.85758,0.89446,0.7669600000000001,0.91305,0.8464363636363637
yolo26n,30%,1,test,phone_use,460,497,0.9255533199195172,0.55002,0.8772850000000001,0.261434,0.8951979999999999,0.7631987826086958
yolo26n,30%,2,test,yawning,33,33,1.0,0.10824,0.74261,0.02431,0.87555,0.5799154545454545
yolo26n,30%,2,test,hand_over_mouth,27,28,0.9642857142857144,0.88524,0.90862,0.807204,0.92019,0.8607577777777777
yolo26n,30%,2,test,drinking,55,56,0.9821428571428572,0.84962,0.88015,0.7814340000000001,0.888512,0.8426996363636364
yolo26n,30%,2,test,phone_use,455,497,0.9154929577464788,0.33524,0.85668,0.1912300000000001,0.880252,0.7388277802197802
yolo26n,40%,0,test,yawning,33,33,1.0,0.28999,0.72708,0.168052,0.829646,0.58909
yolo26n,40%,0,test,hand_over_mouth,27,28,0.9642857142857144,0.73451,0.90418,0.4886440000000001,0.929762,0.8080244444444445
yolo26n,40%,0,test,drinking,55,56,0.9821428571428572,0.82551,0.87278,0.6168100000000001,0.896956,0.8108418181818182
yolo26n,40%,0,test,phone_use,456,497,0.9175050301810864,0.37881,0.84796,0.3271699999999999,0.873815,0.7296188596491228
yolo26n,40%,1,test,yawning,33,33,1.0,0.38377,0.81911,0.199582,0.8784299999999999,0.6731315151515153
yolo26n,40%,1,test,hand_over_mouth,28,28,1.0,0.8763,0.89636,0.83579,0.908934,0.854830357142857
yolo26n,40%,1,test,drinking,55,56,0.9821428571428572,0.8184,0.88531,0.779364,0.898162,0.8585192727272728
yolo26n,40%,1,test,phone_use,462,497,0.9295774647887324,0.58045,0.88043,0.302578,0.89996,0.7728615367965368
yolo26n,40%,2,test,yawning,33,33,1.0,0.24084,0.76757,0.163554,0.8662799999999999,0.6092936363636364
yolo26n,40%,2,test,hand_over_mouth,28,28,1.0,0.76595,0.86441,0.700997,0.894653,0.8099760714285713
yolo26n,40%,2,test,drinking,56,56,1.0,0.80064,0.85548,0.706805,0.885445,0.7961819642857143
yolo26n,40%,2,test,phone_use,463,497,0.93158953722334,0.20697,0.84883,0.073528,0.874664,0.7002680777537796
yolo26n,50%,0,test,yawning,33,33,1.0,0.25821,0.62305,0.135178,0.887792,0.5783657575757576
yolo26n,50%,0,test,hand_over_mouth,27,28,0.9642857142857144,0.76158,0.81314,0.676702,0.852734,0.7829740740740739
yolo26n,50%,0,test,drinking,56,56,1.0,0.78057,0.82616,0.619065,0.848055,0.7763521428571429
yolo26n,50%,0,test,phone_use,469,497,0.943661971830986,0.54484,0.84723,0.2413180000000001,0.872526,0.7275468869936035
yolo26n,50%,1,test,yawning,33,33,1.0,0.30622,0.69225,0.259104,0.855596,0.6150703030303031
yolo26n,50%,1,test,hand_over_mouth,27,28,0.9642857142857144,0.85431,0.89255,0.788074,0.902954,0.867991111111111
yolo26n,50%,1,test,drinking,54,56,0.9642857142857144,0.79667,0.872905,0.676305,0.892661,0.8194659259259259
yolo26n,50%,1,test,phone_use,462,497,0.9295774647887324,0.58843,0.879135,0.385418,0.896571,0.7700664718614719
yolo26n,50%,2,test,yawning,33,33,1.0,0.36572,0.66044,0.293742,0.809706,0.6112666666666667
yolo26n,50%,2,test,hand_over_mouth,27,28,0.9642857142857144,0.71604,0.8823,0.5563400000000001,0.920008,0.780744074074074
yolo26n,50%,2,test,drinking,54,56,0.9642857142857144,0.74914,0.8799,0.466849,0.899737,0.7794098148148149
yolo26n,50%,2,test,phone_use,469,497,0.943661971830986,0.36979,0.82925,0.12387,0.869456,0.6885433262260127
