held_out_subject,model,seed,train_events_min,meets_ge3_events,train_R_base,train_R_floor,tau_star,held_out_min_recall,held_out_margin_pp,passed
subject_02,yolo11n,0,20,True,0.9122807017543859,0.8622807017543859,0.37035595105672975,0.5833333333333334,-27.89473684210525,False
subject_02,yolo11n,1,20,True,0.8421052631578947,0.7921052631578946,0.4317352614015573,0.5833333333333334,-20.877192982456126,False
subject_02,yolo11n,2,20,True,0.8596491228070176,0.8096491228070175,0.4594549499443827,0.5833333333333334,-22.631578947368414,False
subject_02,yolo11n,3,20,True,0.9081632653061225,0.8581632653061224,0.599043381535039,0.5833333333333334,-27.482993197278905,False
subject_02,yolo11n,4,20,True,0.8596491228070176,0.8096491228070175,0.5307341490545051,0.5833333333333334,-22.631578947368414,False
subject_02,yolo26n,0,20,True,0.8771929824561403,0.8271929824561403,0.31689655172413794,0.5833333333333334,-24.385964912280688,False
subject_02,yolo26n,1,20,True,0.8245614035087719,0.7745614035087719,0.4931145717463849,0.5833333333333334,-19.122807017543852,False
subject_02,yolo26n,2,20,True,0.8245614035087719,0.7745614035087719,0.3901557285873193,0.5833333333333334,-19.122807017543852,False
subject_03,yolo11n,0,20,True,0.9010989010989011,0.8510989010989011,0.5733036707452726,0.6666666666666666,-18.443223443223445,False
subject_03,yolo11n,1,20,True,0.9010989010989011,0.8510989010989011,0.4980645161290323,0.6,-25.10989010989011,False
subject_03,yolo11n,2,20,True,0.9054054054054054,0.8554054054054053,0.6099332591768633,0.6,-25.540540540540533,False
subject_03,yolo11n,3,20,True,0.8791208791208791,0.8291208791208791,0.6713125695216908,0.6,-22.91208791208791,False
subject_03,yolo11n,4,20,True,0.9201474201474201,0.8701474201474201,0.6030033370411569,0.6,-27.014742014742012,False
subject_03,yolo26n,0,20,True,0.88,0.83,0.49509454949944387,0.6666666666666666,-16.333333333333332,False
subject_03,yolo26n,1,20,True,0.9,0.85,0.4931145717463849,0.6666666666666666,-18.333333333333336,False
subject_03,yolo26n,2,20,True,0.88,0.83,0.39609566184649614,0.6666666666666666,-16.333333333333332,False
subject_05,yolo11n,0,20,True,0.9122807017543859,0.8622807017543859,0.37035595105672975,0.8125,-4.978070175438587,False
subject_05,yolo11n,1,20,True,0.8421052631578947,0.7921052631578946,0.49212458286985544,0.8125,2.0394736842105354,True
subject_05,yolo11n,2,20,True,0.8596491228070176,0.8096491228070175,0.4594549499443827,0.875,6.535087719298249,True
subject_05,yolo11n,3,20,True,0.8829787234042553,0.8329787234042553,0.6742825361512793,0.6875,-14.547872340425528,False
subject_05,yolo11n,4,20,True,0.8596491228070176,0.8096491228070175,0.5307341490545051,0.875,6.535087719298249,True
subject_05,yolo26n,0,20,True,0.8846153846153846,0.8346153846153845,0.3505561735261402,0.75,-8.461538461538453,False
subject_05,yolo26n,1,20,True,0.8596491228070176,0.8096491228070175,0.4931145717463849,0.75,-5.964912280701751,False
subject_05,yolo26n,2,20,True,0.8596491228070176,0.8096491228070175,0.39609566184649614,0.625,-18.46491228070175,False
subject_10,yolo11n,0,20,True,0.875,0.825,0.5663737486095662,0.43125,-39.37499999999999,False
subject_10,yolo11n,1,20,True,0.8522727272727273,0.8022727272727272,0.4980645161290323,0.0,-80.22727272727272,False
subject_10,yolo11n,2,20,True,0.8636363636363636,0.8136363636363636,0.6049833147942159,0.0,-81.36363636363636,False
subject_10,yolo11n,3,20,True,0.8522727272727273,0.8022727272727272,0.7020022246941047,0.0,-80.22727272727272,False
subject_10,yolo11n,4,20,True,0.890625,0.840625,0.5386540600667409,0.0,-84.0625,False
subject_10,yolo26n,0,20,True,0.8863636363636364,0.8363636363636363,0.3505561735261402,0.0,-83.63636363636363,False
subject_10,yolo26n,1,20,True,0.859375,0.809375,0.4941045606229144,0.0,-80.9375,False
subject_10,yolo26n,2,20,True,0.859375,0.809375,0.39609566184649614,0.0,-80.9375,False
subject_11,yolo11n,0,19,True,0.8735632183908046,0.8235632183908046,0.4762847608453838,0.8125,-1.1063218390804597,False
subject_11,yolo11n,1,19,True,0.8392857142857143,0.7892857142857143,0.4317352614015573,0.875,8.571428571428575,True
subject_11,yolo11n,2,19,True,0.8571428571428571,0.807142857142857,0.4594549499443827,0.8125,0.5357142857142949,True
subject_11,yolo11n,3,19,True,0.8390804597701149,0.7890804597701149,0.6742825361512793,0.8125,2.3419540229885127,True
subject_11,yolo11n,4,19,True,0.8571428571428571,0.807142857142857,0.5307341490545051,0.875,6.785714285714295,True
subject_11,yolo26n,0,19,True,0.875,0.825,0.3337263626251391,0.8125,-1.2499999999999956,False
subject_11,yolo26n,1,19,True,0.8214285714285714,0.7714285714285714,0.4931145717463849,0.8125,4.107142857142865,True
subject_11,yolo26n,2,19,True,0.8214285714285714,0.7714285714285714,0.3901557285873193,0.8125,4.107142857142865,True
subject_12,yolo11n,0,9,True,0.8913043478260869,0.8413043478260869,0.5752836484983316,0.7083333333333334,-13.29710144927535,False
subject_12,yolo11n,1,9,True,0.8292682926829268,0.7792682926829267,0.7039822024471636,0.5833333333333334,-19.593495934959336,False
subject_12,yolo11n,2,9,True,0.8536585365853658,0.8036585365853658,0.7059621802002225,0.5833333333333334,-22.032520325203244,False
subject_12,yolo11n,3,9,True,0.8695652173913043,0.8195652173913043,0.6138932146829812,0.8636363636363636,4.407114624505937,True
subject_12,yolo11n,4,9,True,0.8292682926829268,0.7792682926829267,0.7425917686318132,0.625,-15.426829268292675,False
subject_12,yolo26n,0,9,True,0.8536585365853658,0.8036585365853658,0.3337263626251391,0.8636363636363636,5.997782705099786,True
subject_12,yolo26n,1,9,True,0.8048780487804879,0.7548780487804878,0.5564738598442714,0.6666666666666666,-8.821138211382118,False
subject_12,yolo26n,2,9,True,0.8292682926829268,0.7792682926829267,0.39609566184649614,0.8333333333333334,5.406504065040663,True
