model,ratio,seed,prec_test,macro_rec_test,base_worst_rec,delta_macro_pp
yolo11n,0%,0,0.8983050847457628,0.8959095481982806,0.8531187122736419,0.0
yolo11n,0%,1,0.9358288770053476,0.8871715139320773,0.8430583501006036,0.0
yolo11n,0%,2,0.9052453468697124,0.9076999878056216,0.8591549295774648,0.0
yolo11n,10%,0,0.897887323943662,0.8619253399182977,0.8189134808853119,-3.398420827998294
yolo11n,10%,1,0.9244604316546763,0.889560849948174,0.8169014084507042,0.23893360160966992
yolo11n,10%,2,0.9172413793103448,0.905687915371014,0.8511066398390342,-0.2012072434607548
yolo11n,20%,0,0.9054290718038529,0.8972928479970732,0.8229376257545271,0.1383299798792592
yolo11n,20%,1,0.9355400696864111,0.9157787634900311,0.8611670020120724,2.8607249557953796
yolo11n,20%,2,0.9048442906574394,0.8937412352905311,0.8390342052313883,-1.395875251509049
yolo11n,30%,0,0.9092526690391459,0.9036091549295775,0.8108651911468813,0.7699606731296882
yolo11n,30%,1,0.9204152249134948,0.8977653801597463,0.8551307847082495,1.0593866227669002
yolo11n,30%,2,0.9338103756708408,0.9249874245472837,0.8249496981891348,1.728743674166211
yolo11n,40%,0,0.9006849315068494,0.8929886134991769,0.8430583501006036,-0.29209346991037055
yolo11n,40%,1,0.9209138840070299,0.9070369184805805,0.8370221327967807,1.9865404548503274
yolo11n,40%,2,0.9326241134751773,0.9133570361563319,0.8390342052313883,0.5657048350710348
yolo11n,50%,0,0.8799342105263158,0.9116612554112554,0.8571428571428571,1.5751707212974808
yolo11n,50%,1,0.902229845626072,0.8792489787208096,0.8470824949698189,-0.7922535211267623
yolo11n,50%,2,0.9223985890652557,0.8977025028961649,0.8370221327967807,-0.9997484909456622
yolo26n,0%,0,0.9220103986135182,0.9017266477653803,0.8531187122736419,0.0
yolo26n,0%,1,0.929701230228471,0.8984589354307664,0.8181818181818182,0.0
yolo26n,0%,2,0.9377224199288257,0.8824576245350892,0.7878787878787878,0.0
yolo26n,10%,0,0.9376146788990826,0.8722067251996829,0.8189134808853119,-2.9519922565697354
yolo26n,10%,1,0.949814126394052,0.8306200841412109,0.6363636363636364,-6.783885128955546
yolo26n,10%,2,0.9199288256227758,0.8535035973416255,0.7575757575757576,-2.895402719346374
yolo26n,20%,0,0.9357638888888888,0.8698840771904153,0.8772635814889336,-3.184257057496498
yolo26n,20%,1,0.9334500875656743,0.900471007865374,0.8181818181818182,0.2012072434607659
yolo26n,20%,2,0.9314079422382672,0.8419665721602342,0.7272727272727273,-4.049105237485506
yolo26n,30%,0,0.9419475655430711,0.8297074111334675,0.8128772635814889,-7.201923663191279
yolo26n,30%,1,0.9456521739130435,0.8882709133589416,0.8787878787878788,-1.0188022071824787
yolo26n,30%,2,0.8984238178633975,0.8793766386195964,0.7878787878787878,-0.3080985915492884
yolo26n,40%,0,0.9079189686924494,0.8471510883482715,0.7847082494969819,-5.457555941710879
yolo26n,40%,1,0.9293286219081273,0.8867656697762332,0.7575757575757576,-1.1693265654533214
yolo26n,40%,2,0.9210053859964094,0.8842467684897262,0.8787878787878788,0.1789143954636918
yolo26n,50%,0,0.9221238938053097,0.875478248277544,0.8390342052313883,-2.6248399487836305
yolo26n,50%,1,0.9290780141843972,0.8840600420706055,0.8181818181818182,-1.439889336016087
yolo26n,50%,2,0.910873440285205,0.8656370038412291,0.8181818181818182,-1.6820620693860144
