params,bb_neck_params,flops_g,size_mb,precision,yawning_rec,hand_mouth_rec,drinking_rec,phone_use_rec,macro_recall,worst_recall,status,arch,sparsity,seed
890533,255433,2.5018496,2.007113456726074,0.8592964824120602,0.8484848484848485,0.9285714285714286,0.875,0.8249496981891348,0.8692514938113529,0.8249496981891348,COMPLETED,YOLO11N,70%,0
890533,255433,2.5018496,2.007113456726074,0.9446494464944649,0.8181818181818182,0.8928571428571429,0.8928571428571429,0.8249496981891348,0.8572114505213096,0.8181818181818182,COMPLETED,YOLO11N,70%,1
890533,255433,2.5018496,2.007113456726074,0.9458483754512635,0.7272727272727273,0.8571428571428571,0.9285714285714286,0.8531187122736419,0.8415264313151638,0.7272727272727273,COMPLETED,YOLO11N,70%,2
921387,188389,1.9251488,2.1501598358154297,0.9519408502772643,0.3333333333333333,0.8214285714285714,0.8035714285714286,0.8772635814889336,0.7088992287055667,0.3333333333333333,COMPLETED,YOLO26N,70%,0
921387,188389,1.9251488,2.1501598358154297,0.9553072625698324,0.6363636363636364,0.8928571428571429,0.8392857142857143,0.8450704225352113,0.8033942290104261,0.6363636363636364,COMPLETED,YOLO26N,70%,1
921387,188389,1.9251488,2.1501598358154297,0.9703703703703703,0.3939393939393939,0.8214285714285714,0.875,0.8832997987927566,0.7434169410401804,0.3939393939393939,COMPLETED,YOLO26N,70%,2
675750,53706,2.0622336,1.5959806442260742,0.9494736842105264,0.18181818181818182,0.7142857142857143,0.7678571428571429,0.7686116700201208,0.6081431772452899,0.18181818181818182,COMPLETED,YOLO11N,90%,0
675750,53706,2.0622336,1.5959806442260742,0.9161425576519916,0.15151515151515152,0.8214285714285714,0.7678571428571429,0.7364185110663984,0.6193048442168161,0.15151515151515152,COMPLETED,YOLO11N,90%,1
675750,53706,2.0622336,1.5959806442260742,0.902970297029703,0.15151515151515152,0.8214285714285714,0.8214285714285714,0.7686116700201208,0.6407459910981037,0.15151515151515152,COMPLETED,YOLO11N,90%,2
707998,36026,1.4823232,1.7422618865966797,0.9564270152505446,0.12121212121212122,0.7142857142857143,0.6964285714285714,0.7565392354124748,0.5721164105847204,0.12121212121212122,COMPLETED,YOLO26N,90%,0
707998,36026,1.4823232,1.7422618865966797,0.9224806201550387,0.42424242424242425,0.39285714285714285,0.6428571428571429,0.8350100603621731,0.5737416925797207,0.39285714285714285,COMPLETED,YOLO26N,90%,1
707998,36026,1.4823232,1.7422618865966797,0.9122055674518201,0.18181818181818182,0.75,0.5535714285714286,0.7404426559356136,0.556458066581306,0.18181818181818182,COMPLETED,YOLO26N,90%,2
1040474,398718,2.8397024,2.291842460632324,0.9281867145421903,0.8181818181818182,0.9642857142857143,0.9464285714285714,0.8249496981891348,0.8884614505213096,0.8181818181818182,COMPLETED,YOLO11N,60%,0
1040474,398718,2.8397024,2.291842460632324,0.9371534195933456,0.9393939393939394,0.8571428571428571,0.8571428571428571,0.8128772635814889,0.8666392293152857,0.8128772635814889,COMPLETED,YOLO11N,60%,1
1040474,398718,2.8397024,2.291842460632324,0.9271758436944938,0.8181818181818182,0.9642857142857143,0.9285714285714286,0.8370221327967807,0.8870152734589355,0.8181818181818182,COMPLETED,YOLO11N,60%,2
1065067,302074,2.2635448,2.4234142303466797,0.9556840077071291,0.6363636363636364,0.8214285714285714,0.875,0.8108651911468813,0.7859143497347723,0.6363636363636364,COMPLETED,YOLO26N,60%,0
1065067,302074,2.2635448,2.4234142303466797,0.96875,0.8181818181818182,0.9285714285714286,0.9107142857142857,0.8511066398390342,0.8771435430766417,0.8181818181818182,COMPLETED,YOLO26N,60%,1
1065067,302074,2.2635448,2.4234142303466797,0.9339449541284404,0.6363636363636364,0.9642857142857143,0.9285714285714286,0.8229376257545271,0.8380396012438265,0.6363636363636364,COMPLETED,YOLO26N,60%,2
766423,137723,2.2432984,1.7684049606323242,0.9049360146252285,0.5151515151515151,0.9285714285714286,0.875,0.8108651911468813,0.7823970337174562,0.5151515151515151,COMPLETED,YOLO11N,80%,0
766423,137723,2.2432984,1.7684049606323242,0.9234972677595629,0.6363636363636364,0.8214285714285714,0.8928571428571429,0.8309859154929577,0.795408816535577,0.6363636363636364,COMPLETED,YOLO11N,80%,1
766423,137723,2.2432984,1.7684049606323242,0.9233449477351916,0.696969696969697,0.8214285714285714,0.875,0.8752515090543259,0.8171624443631486,0.696969696969697,COMPLETED,YOLO11N,80%,2
799372,98081,1.666664,1.9162120819091797,0.9555125725338491,0.2727272727272727,0.8214285714285714,0.7857142857142857,0.8410462776659959,0.6802291018840314,0.2727272727272727,COMPLETED,YOLO26N,80%,0
799372,98081,1.666664,1.9162120819091797,0.9344569288389513,0.5454545454545454,0.7857142857142857,0.75,0.8390342052313883,0.7300507591000548,0.5454545454545454,COMPLETED,YOLO26N,80%,1
799372,98081,1.666664,1.9162120819091797,0.9424184261036468,0.18181818181818182,0.7142857142857143,0.8571428571428571,0.8390342052313883,0.6480702396195354,0.18181818181818182,COMPLETED,YOLO26N,80%,2
