arch,sparsity,seed,quantization,params,bb_neck_params,flops_g,size_mb,precision,macro_recall,worst_recall,status
YOLO11N,60%,0,QAT INT8 (20ep),1040474,398718,2.8397024,1.45,0.8756,0.8936,0.833,COMPLETED
YOLO11N,0%,0,QAT INT8 (20ep),2590620,1909440,6.5028096,2.92,0.829,0.8073,0.7626,COMPLETED
YOLO11N,10%,0,QAT INT8 (20ep),2241826,1567302,5.6298976,2.6,0.9167,0.8451,0.7576,COMPLETED
YOLO11N,20%,0,QAT INT8 (20ep),1944901,1277033,4.9205376,2.32,0.8689,0.8381,0.7879,COMPLETED
YOLO11N,30%,0,QAT INT8 (20ep),1668655,1007187,4.2984152,2.06,0.9318,0.8941,0.7726,COMPLETED
YOLO11N,40%,0,QAT INT8 (20ep),1430838,776026,3.736832,1.83,0.8457,0.8956,0.841,COMPLETED
YOLO11N,50%,0,QAT INT8 (20ep),1231676,583264,3.3005568,1.64,0.8928,0.8812,0.8068,COMPLETED
YOLO11N,70%,0,QAT INT8 (20ep),890533,255433,2.5018496,1.31,0.9481,0.5459,0.0,COMPLETED
YOLO11N,80%,0,QAT INT8 (20ep),766423,137723,2.2432984,1.19,0.8833,0.8154,0.6364,COMPLETED
YOLO11N,90%,0,QAT INT8 (20ep),675750,53706,2.0622336,1.1,0.7909,0.6348,0.2727,COMPLETED
