arch,sparsity,seed,params,flops_g,size_mb,precision,yawning_rec,hand_mouth_rec,drinking_rec,phone_use_rec,macro_recall,worst_recall,bb_neck_params
YOLO11N,0%,0,2590620,6.5028096,5.229937553405762,0.9293478260869564,0.8181818181818182,0.8928571428571429,0.875,0.8289738430583501,0.8537532010243278,0.8181818181818182,1909440
YOLO11N,0%,1,2590620,6.5028096,5.229937553405762,0.949248120300752,0.7878787878787878,0.9285714285714286,0.9107142857142856,0.8088531187122736,0.8590044052191939,0.7878787878787878,1909440
YOLO11N,0%,2,2590620,6.5028096,5.229937553405762,0.928698752228164,0.8181818181818182,0.9642857142857144,0.8928571428571429,0.8390342052313883,0.8785897201390159,0.8181818181818182,1909440
YOLO11N,10%,0,2241826,5.6298976,4.588839530944824,0.9403846153846154,0.7878787878787878,0.8571428571428571,0.8928571428571429,0.7826961770623743,0.8301437412352904,0.7826961770623743,1567302
YOLO11N,10%,1,2241826,5.6298976,4.588839530944824,0.9424184261036468,0.7575757575757576,0.9285714285714286,0.9642857142857144,0.7766599597585513,0.856773215047863,0.7575757575757576,1567302
YOLO11N,10%,2,2241826,5.6298976,4.588839530944824,0.9342806394316164,0.8787878787878788,0.9285714285714286,0.9642857142857144,0.8390342052313883,0.9026698067191024,0.8390342052313883,1567302
YOLO11N,20%,0,1944901,4.9205376,4.023837089538574,0.9287020109689214,0.8484848484848485,0.9285714285714286,0.9285714285714286,0.8088531187122736,0.8786202060849948,0.8088531187122736,1277033
YOLO11N,20%,1,1944901,4.9205376,4.023837089538574,0.947653429602888,0.9090909090909092,0.9642857142857144,0.9285714285714286,0.8370221327967807,0.9097425461862082,0.8370221327967807,1277033
YOLO11N,20%,2,1944901,4.9205376,4.023837089538574,0.9341864716636198,0.7575757575757576,0.9642857142857144,0.8571428571428571,0.8269617706237424,0.8514915249070178,0.7575757575757576,1277033
YOLO11N,30%,0,1668655,4.2984152,3.495333671569824,0.9360902255639098,0.8181818181818182,0.9285714285714286,0.875,0.7967806841046278,0.8546334827144686,0.7967806841046278,1007187
YOLO11N,30%,1,1668655,4.2984152,3.495333671569824,0.941923774954628,0.7878787878787878,0.9285714285714286,0.9107142857142856,0.8370221327967807,0.8660466587403207,0.7878787878787878,1007187
YOLO11N,30%,2,1668655,4.2984152,3.495333671569824,0.946969696969697,0.9393939393939394,0.9285714285714286,0.9285714285714286,0.7867203219315896,0.8958142796170966,0.7867203219315896,1007187
YOLO11N,40%,0,1430838,3.736832,3.043002128601074,0.924074074074074,0.696969696969697,0.8928571428571429,0.9285714285714286,0.8028169014084507,0.8303037924516798,0.696969696969697,776026
YOLO11N,40%,1,1430838,3.736832,3.043002128601074,0.9416195856873822,0.7878787878787878,0.8571428571428571,0.875,0.806841046277666,0.8317156728248277,0.7878787878787878,776026
YOLO11N,40%,2,1430838,3.736832,3.043002128601074,0.9517625231910948,0.8181818181818182,0.9642857142857144,0.875,0.8249496981891348,0.8706043076641669,0.8181818181818182,776026
YOLO11N,50%,0,1231676,3.3005568,2.652682304382324,0.9123434704830052,0.8181818181818182,0.9642857142857144,0.8928571428571429,0.8169014084507042,0.873056520943845,0.8169014084507042,583264
YOLO11N,50%,1,1231676,3.3005568,2.652682304382324,0.9362101313320824,0.7272727272727273,0.8928571428571429,0.8928571428571429,0.8048289738430584,0.8294539967075178,0.7272727272727273,583264
YOLO11N,50%,2,1231676,3.3005568,2.652682304382324,0.9411764705882352,0.8181818181818182,0.9285714285714286,0.8928571428571429,0.8229376257545271,0.8656370038412291,0.8181818181818182,583264
YOLO26N,0%,0,2505360,5.8986496,5.149778366088867,0.9488117001828154,0.8181818181818182,0.8928571428571429,0.9285714285714286,0.8350100603621731,0.8686551124931406,0.8181818181818182,1549792
YOLO26N,0%,1,2505360,5.8986496,5.149778366088867,0.9460966542750928,0.6363636363636364,0.9642857142857144,0.9285714285714286,0.8229376257545271,0.8380396012438265,0.6363636363636364,1549792
YOLO26N,0%,2,2505360,5.8986496,5.149778366088867,0.9569288389513108,0.7575757575757576,0.9642857142857144,0.9285714285714286,0.8189134808853119,0.867336595329553,0.7575757575757576,1549792
YOLO26N,10%,0,2183875,5.0298808,4.56110954284668,0.9507575757575758,0.7575757575757576,0.9285714285714286,0.8928571428571429,0.806841046277666,0.8464613438204988,0.7575757575757576,1262610
YOLO26N,10%,1,2183875,5.0298808,4.56110954284668,0.9649805447470816,0.5757575757575758,0.9285714285714286,0.9285714285714286,0.8028169014084507,0.808929333577221,0.5757575757575758,1262610
YOLO26N,10%,2,2183875,5.0298808,4.56110954284668,0.9428571428571428,0.6060606060606061,0.8928571428571429,0.8392857142857143,0.8108651911468813,0.7872671635875861,0.6060606060606061,1262610
YOLO26N,20%,0,1909995,4.3253024,4.03956413269043,0.9528130671506352,0.696969696969697,0.8928571428571429,0.8928571428571429,0.8591549295774648,0.835459728065362,0.696969696969697,1020389
YOLO26N,20%,1,1909995,4.3253024,4.03956413269043,0.945750452079566,0.7575757575757576,0.8928571428571429,0.9642857142857144,0.8430583501006036,0.8644442412048047,0.7575757575757576,1020389
YOLO26N,20%,2,1909995,4.3253024,4.03956413269043,0.9562737642585551,0.7272727272727273,0.8928571428571429,0.8571428571428571,0.8169014084507042,0.8235435339308579,0.7272727272727273,1020389
YOLO26N,30%,0,1655988,3.7165584,3.55439567565918,0.95703125,0.6363636363636364,0.9285714285714286,0.9107142857142856,0.7887323943661971,0.8160954362538869,0.6363636363636364,799753
YOLO26N,30%,1,1655988,3.7165584,3.55439567565918,0.9534450651769087,0.7878787878787878,0.8928571428571429,0.9285714285714286,0.8229376257545271,0.8580612462654715,0.7878787878787878,799753
YOLO26N,30%,2,1655988,3.7165584,3.55439567565918,0.9152854511970534,0.7878787878787878,0.9285714285714286,0.9464285714285714,0.7887323943661971,0.8629027955612463,0.7878787878787878,799753
YOLO26N,40%,0,1434254,3.157024,3.13215446472168,0.920696324951644,0.696969696969697,0.8214285714285714,0.8928571428571429,0.7645875251509054,0.7939607341015792,0.696969696969697,609002
YOLO26N,40%,1,1434254,3.157024,3.13215446472168,0.9381818181818182,0.696969696969697,0.9642857142857144,0.9642857142857144,0.8289738430583501,0.863628742149869,0.696969696969697,609002
YOLO26N,40%,2,1434254,3.157024,3.13215446472168,0.935361216730038,0.7575757575757576,0.8928571428571429,0.8928571428571429,0.7887323943661971,0.8330056094140601,0.7575757575757576,609002
YOLO26N,50%,0,1247456,2.7259904,2.76716423034668,0.9491525423728814,0.696969696969697,0.9285714285714286,0.875,0.8169014084507042,0.8293606334979575,0.696969696969697,451824
YOLO26N,50%,1,1247456,2.7259904,2.76716423034668,0.9554730983302412,0.7272727272727273,0.9642857142857144,0.8928571428571429,0.8329979879275654,0.8543533930857874,0.7272727272727273,451824
YOLO26N,50%,2,1247456,2.7259904,2.76716423034668,0.9496124031007752,0.7575757575757576,0.9642857142857144,0.8035714285714286,0.7907444668008048,0.8290443418084262,0.7575757575757576,451824
