model,ratio,seed,weights_path,op_point,tau,val_tp,val_fp,val_fn,val_gt,val_macro_rec,val_min_rec,val_prec,val_f1,test_tp,test_fp,test_fn,test_gt,test_macro_rec,test_min_rec,test_prec,test_f1,test_rec_yawn,test_rec_hom,test_rec_drink,test_rec_phone,s05_min_rec,s05_macro_rec,s10_min_rec,s10_macro_rec,s12_min_rec,s12_macro_rec,elapsed_sec
yolo11n,0%,0,C:\Dev\repos\Public repos\research\pruning-missed-detections\models\yolo11n\baseline\seed_0\weights\best.pt,tau=0.25 (Safety),0.25,617,54,22,639,0.9190775263791517,0.8518518518518519,0.9195230998509687,0.9193002591240749,534,73,80,614,0.8979216206328882,0.8611670020120724,0.8797364085667215,0.8887359984143351,0.9090909090909091,0.9285714285714286,0.8928571428571429,0.8611670020120724,0.75,0.9358108108108107,0.575,0.89375,0.875,0.9182449494949495,44.01156401634216
yolo11n,0%,0,C:\Dev\repos\Public repos\research\pruning-missed-detections\models\yolo11n\baseline\seed_0\weights\best.pt,tau=0.35 (Balanced),0.35,613,38,26,639,0.9019756701012676,0.84375,0.9416282642089093,0.9213755392791755,530,60,84,614,0.8959095481982806,0.8531187122736419,0.8983050847457628,0.8971057172777991,0.9090909090909091,0.9285714285714286,0.8928571428571429,0.8531187122736419,0.75,0.9358108108108107,0.55,0.8875,0.875,0.9182449494949495,44.01156401634216
yolo11n,0%,0,C:\Dev\repos\Public repos\research\pruning-missed-detections\models\yolo11n\baseline\seed_0\weights\best.pt,tau=0.50 (Standard),0.5,607,18,32,639,0.867238399369733,0.8148148148148148,0.9712,0.9162797445447562,513,39,101,614,0.8537532010243278,0.8181818181818182,0.9293478260869565,0.8899480952822318,0.8181818181818182,0.8928571428571429,0.875,0.8289738430583501,0.75,0.9358108108108107,0.475,0.86875,0.75,0.8617424242424243,44.01156401634216
yolo11n,0%,0,C:\Dev\repos\Public repos\research\pruning-missed-detections\models\yolo11n\baseline\seed_0\weights\best.pt,tau*=0.58 (Val-Tuned),0.58,604,7,35,639,0.8500937212307911,0.7666666666666667,0.9885433715220949,0.9141059066061105,497,27,117,614,0.831559432351686,0.7575757575757576,0.9484732824427481,0.8861768638223211,0.7575757575757576,0.8928571428571429,0.875,0.8008048289738431,0.75,0.9045608108108107,0.39375,0.8484375,0.7083333333333334,0.8500030062530062,44.01156401634216
yolo11n,0%,1,C:\Dev\repos\Public repos\research\pruning-missed-detections\models\yolo11n\baseline\seed_1\weights\best.pt,tau=0.25 (Safety),0.25,614,42,25,639,0.9029745149068764,0.8125,0.9359756097560976,0.9191789498250515,540,45,74,614,0.9102150783488812,0.869215291750503,0.9230769230769231,0.9166008832276135,0.8787878787878788,0.9642857142857143,0.9285714285714286,0.869215291750503,0.8125,0.9514358108108107,0.0,0.653125,0.875,0.940851972101972,42.855472564697266
yolo11n,0%,1,C:\Dev\repos\Public repos\research\pruning-missed-detections\models\yolo11n\baseline\seed_1\weights\best.pt,tau=0.35 (Balanced),0.35,612,29,27,639,0.8978668738049713,0.8125,0.9547581903276131,0.9254390088806403,525,36,89,614,0.8871715139320773,0.8430583501006036,0.9358288770053476,0.9108508431720772,0.8484848484848485,0.9285714285714286,0.9285714285714286,0.8430583501006036,0.8125,0.9463682432432432,0.0,0.6390625,0.8333333333333334,0.9177489177489178,42.855472564697266
yolo11n,0%,1,C:\Dev\repos\Public repos\research\pruning-missed-detections\models\yolo11n\baseline\seed_1\weights\best.pt,tau=0.50 (Standard),0.5,605,14,34,639,0.8746585316195736,0.8125,0.9773828756058158,0.9231718766895396,505,27,109,614,0.8590044052191939,0.7878787878787878,0.9492481203007519,0.901874384773689,0.7878787878787878,0.9285714285714286,0.9107142857142857,0.8088531187122736,0.8125,0.9049831081081081,0.0,0.6234375,0.7916666666666666,0.8921206108706108,42.855472564697266
yolo11n,0%,1,C:\Dev\repos\Public repos\research\pruning-missed-detections\models\yolo11n\baseline\seed_1\weights\best.pt,tau*=0.55 (Val-Tuned),0.55,604,9,35,639,0.8741805201472983,0.8125,0.9853181076672104,0.9264281059281275,495,22,119,614,0.8314031918785441,0.7272727272727273,0.9574468085106383,0.8899844396975561,0.7272727272727273,0.8928571428571429,0.9107142857142857,0.7947686116700201,0.8125,0.8982263513513513,0.0,0.61875,0.7083333333333334,0.8599236411736411,42.855472564697266
yolo11n,0%,2,C:\Dev\repos\Public repos\research\pruning-missed-detections\models\yolo11n\baseline\seed_2\weights\best.pt,tau=0.25 (Safety),0.25,611,29,28,639,0.8890127071383047,0.8333333333333334,0.9546875,0.9206803964766632,538,71,76,614,0.916281781598683,0.8631790744466801,0.8834154351395731,0.8995485032404643,0.9090909090909091,0.9642857142857143,0.9285714285714286,0.8631790744466801,0.875,0.9653716216216216,0.0,0.646875,0.8888888888888888,0.9400252525252525,42.73656606674194
yolo11n,0%,2,C:\Dev\repos\Public repos\research\pruning-missed-detections\models\yolo11n\baseline\seed_2\weights\best.pt,tau=0.35 (Balanced),0.35,610,20,29,639,0.8885346956660294,0.8333333333333334,0.9682539682539683,0.9266830003083576,535,56,79,614,0.9076999878056216,0.8591549295774648,0.9052453468697124,0.9064710056046823,0.8787878787878788,0.9642857142857143,0.9285714285714286,0.8591549295774648,0.875,0.9653716216216216,0.0,0.64375,0.875,0.9296085858585859,42.73656606674194
yolo11n,0%,2,C:\Dev\repos\Public repos\research\pruning-missed-detections\models\yolo11n\baseline\seed_2\weights\best.pt,tau=0.50 (Standard),0.5,601,16,38,639,0.8570358420083564,0.8125,0.9740680713128039,0.9118119879465363,521,40,93,614,0.8785897201390159,0.8181818181818182,0.928698752228164,0.9029495725658825,0.8181818181818182,0.9642857142857143,0.8928571428571429,0.8390342052313883,0.8125,0.9497466216216216,0.0,0.6296875,0.7916666666666666,0.8935636123136124,42.73656606674194
yolo11n,0%,2,C:\Dev\repos\Public repos\research\pruning-missed-detections\models\yolo11n\baseline\seed_2\weights\best.pt,tau*=0.32 (Val-Tuned),0.32,610,20,29,639,0.8885346956660294,0.8333333333333334,0.9682539682539683,0.9266830003083576,537,61,77,614,0.9157787634900311,0.8611670020120724,0.8979933110367893,0.9067988371340749,0.9090909090909091,0.9642857142857143,0.9285714285714286,0.8611670020120724,0.875,0.9653716216216216,0.0,0.6453125,0.8888888888888888,0.9400252525252525,42.73656606674194
yolo11n,10%,0,C:\Dev\repos\Public repos\research\pruning-missed-detections\models\yolo11n\pruning_fp32\10pct\seed_0\weights\best.pt,tau=0.25 (Safety),0.25,609,59,30,639,0.9042152423695207,0.84375,0.9116766467065869,0.9079306152789123,521,73,93,614,0.8869180995061277,0.8350100603621731,0.877104377104377,0.8819839401419195,0.9090909090909091,0.8928571428571429,0.9107142857142857,0.8350100603621731,0.8125,0.9514358108108107,0.5125,0.878125,0.8636363636363636,0.9029130591630592,43.228718280792236
yolo11n,10%,0,C:\Dev\repos\Public repos\research\pruning-missed-detections\models\yolo11n\pruning_fp32\10pct\seed_0\weights\best.pt,tau=0.35 (Balanced),0.35,606,34,33,639,0.8954467194249699,0.8125,0.946875,0.920443051303938,510,58,104,614,0.8619253399182977,0.8189134808853119,0.897887323943662,0.8795388881906323,0.8787878787878788,0.8571428571428571,0.8928571428571429,0.8189134808853119,0.75,0.9341216216216216,0.475,0.86875,0.8181818181818182,0.8798100048100048,43.228718280792236
yolo11n,10%,0,C:\Dev\repos\Public repos\research\pruning-missed-detections\models\yolo11n\pruning_fp32\10pct\seed_0\weights\best.pt,tau=0.50 (Standard),0.5,597,20,42,639,0.8828413798597833,0.8125,0.9675850891410048,0.9232727368953695,489,31,125,614,0.8301437412352904,0.7826961770623743,0.9403846153846154,0.8818321377307191,0.7878787878787878,0.8571428571428571,0.8928571428571429,0.7826961770623743,0.75,0.9189189189189189,0.0,0.60625,0.75,0.8576539201539202,43.228718280792236
yolo11n,10%,0,C:\Dev\repos\Public repos\research\pruning-missed-detections\models\yolo11n\pruning_fp32\10pct\seed_0\weights\best.pt,tau*=0.45 (Val-Tuned),0.45,603,23,36,639,0.8940126850081439,0.8125,0.963258785942492,0.9273448572785632,499,43,115,614,0.849319401256021,0.7987927565392354,0.9206642066420664,0.8835539145717468,0.8484848484848485,0.8571428571428571,0.8928571428571429,0.7987927565392354,0.75,0.9239864864864865,0.0,0.6125,0.8181818181818182,0.8798100048100048,43.228718280792236
yolo11n,10%,1,C:\Dev\repos\Public repos\research\pruning-missed-detections\models\yolo11n\pruning_fp32\10pct\seed_1\weights\best.pt,tau=0.25 (Safety),0.25,613,20,26,639,0.9019756701012676,0.84375,0.9684044233807267,0.9340103990112012,524,57,90,614,0.9100893238217181,0.8329979879275654,0.9018932874354562,0.9059727692993675,0.8787878787878788,0.9642857142857143,0.9642857142857143,0.8329979879275654,0.875,0.9586148648648649,0.0,0.63125,0.875,0.9560636123136124,43.42316794395447
yolo11n,10%,1,C:\Dev\repos\Public repos\research\pruning-missed-detections\models\yolo11n\pruning_fp32\10pct\seed_1\weights\best.pt,tau=0.35 (Balanced),0.35,612,14,27,639,0.8936423367679343,0.84375,0.9776357827476039,0.9337540115401994,514,42,100,614,0.889560849948174,0.8169014084507042,0.9244604316546763,0.9066749278702592,0.8484848484848485,0.9285714285714286,0.9642857142857143,0.8169014084507042,0.875,0.9535472972972973,0.0,0.625,0.8333333333333334,0.9329605579605579,43.42316794395447
yolo11n,10%,1,C:\Dev\repos\Public repos\research\pruning-missed-detections\models\yolo11n\pruning_fp32\10pct\seed_1\weights\best.pt,tau=0.50 (Standard),0.5,609,9,30,639,0.8728668738049714,0.8125,0.9854368932038835,0.9257423200378828,491,30,123,614,0.856773215047863,0.7575757575757576,0.9424184261036468,0.8975573767521455,0.7575757575757576,0.9285714285714286,0.9642857142857143,0.7766599597585513,0.875,0.9400337837837838,0.0,0.6078125,0.7083333333333334,0.9003878066378066,43.42316794395447
yolo11n,10%,1,C:\Dev\repos\Public repos\research\pruning-missed-detections\models\yolo11n\pruning_fp32\10pct\seed_1\weights\best.pt,tau*=0.55 (Val-Tuned),0.55,609,8,30,639,0.8728668738049714,0.8125,0.9870340356564019,0.9264464667550624,481,26,133,614,0.8517430339613439,0.7565392354124748,0.9487179487179487,0.8976189007018819,0.7575757575757576,0.9285714285714286,0.9642857142857143,0.7565392354124748,0.8378378378378378,0.9282094594594594,0.0,0.6046875,0.7083333333333334,0.8990650553150552,43.42316794395447
yolo11n,10%,2,C:\Dev\repos\Public repos\research\pruning-missed-detections\models\yolo11n\pruning_fp32\10pct\seed_2\weights\best.pt,tau=0.25 (Safety),0.25,618,30,21,639,0.9315624778698393,0.8703703703703703,0.9537037037037037,0.9425030736342289,539,62,75,614,0.9233545210657886,0.8611670020120724,0.8968386023294509,0.9099034245141541,0.9393939393939394,0.9285714285714286,0.9642857142857143,0.8611670020120724,0.9375,0.984375,0.58125,0.8953125,0.9090909090909091,0.9399050024050023,43.27556037902832
yolo11n,10%,2,C:\Dev\repos\Public repos\research\pruning-missed-detections\models\yolo11n\pruning_fp32\10pct\seed_2\weights\best.pt,tau=0.35 (Balanced),0.35,616,23,23,639,0.9227511330642306,0.8703703703703703,0.9640062597809077,0.9429276618892308,532,48,82,614,0.905687915371014,0.8511066398390342,0.9172413793103448,0.9114280352434941,0.8787878787878788,0.9285714285714286,0.9642857142857143,0.8511066398390342,0.9375,0.9826858108108107,0.55625,0.8890625,0.8333333333333334,0.919071669071669,43.27556037902832
yolo11n,10%,2,C:\Dev\repos\Public repos\research\pruning-missed-detections\models\yolo11n\pruning_fp32\10pct\seed_2\weights\best.pt,tau=0.50 (Standard),0.5,612,15,27,639,0.897346040471638,0.8333333333333334,0.9760765550239234,0.9350569742821165,526,37,88,614,0.9026698067191025,0.8390342052313883,0.9342806394316163,0.9182032383991062,0.8787878787878788,0.9285714285714286,0.9642857142857143,0.8390342052313883,0.9375,0.9826858108108107,0.51875,0.8796875,0.8333333333333334,0.919071669071669,43.27556037902832
yolo11n,10%,2,C:\Dev\repos\Public repos\research\pruning-missed-detections\models\yolo11n\pruning_fp32\10pct\seed_2\weights\best.pt,tau*=0.58 (Val-Tuned),0.58,612,11,27,639,0.897346040471638,0.8333333333333334,0.9823434991974318,0.9379230248236234,521,21,93,614,0.8860092372416316,0.8181818181818182,0.9612546125461254,0.9220994241346165,0.8181818181818182,0.9285714285714286,0.9642857142857143,0.8329979879275654,0.9375,0.9826858108108107,0.0,0.625,0.7916666666666666,0.9086550024050023,43.27556037902832
yolo11n,20%,0,C:\Dev\repos\Public repos\research\pruning-missed-detections\models\yolo11n\pruning_fp32\20pct\seed_0\weights\best.pt,tau=0.25 (Safety),0.25,619,36,20,639,0.9361921074994688,0.875,0.9450381679389313,0.9405943394186623,526,71,88,614,0.9128540180476801,0.8370221327967807,0.88107202680067,0.8966814904818395,0.9393939393939394,0.9285714285714286,0.9464285714285714,0.8370221327967807,0.875,0.9636824324324325,0.51875,0.8683238636363637,0.9090909090909091,0.9551166426166426,43.238070249557495
yolo11n,20%,0,C:\Dev\repos\Public repos\research\pruning-missed-detections\models\yolo11n\pruning_fp32\20pct\seed_0\weights\best.pt,tau=0.35 (Balanced),0.35,618,27,21,639,0.9283796074994688,0.84375,0.958139534883721,0.9430248390709345,517,54,97,614,0.8972928479970732,0.8229376257545271,0.9054290718038529,0.9013425992933425,0.9090909090909091,0.9285714285714286,0.9285714285714286,0.8229376257545271,0.8125,0.9480574324324325,0.48125,0.8589488636363637,0.875,0.9433772246272246,43.238070249557495
yolo11n,20%,0,C:\Dev\repos\Public repos\research\pruning-missed-detections\models\yolo11n\pruning_fp32\20pct\seed_0\weights\best.pt,tau=0.50 (Standard),0.5,612,14,27,639,0.90617011011968,0.8125,0.9776357827476039,0.9405473549728922,508,39,106,614,0.8786202060849948,0.8088531187122736,0.9287020109689214,0.902967212563979,0.8484848484848485,0.9285714285714286,0.9285714285714286,0.8088531187122736,0.8125,0.9480574324324325,0.4375,0.8480113636363636,0.7916666666666666,0.9225438912938912,43.238070249557495
yolo11n,20%,0,C:\Dev\repos\Public repos\research\pruning-missed-detections\models\yolo11n\pruning_fp32\20pct\seed_0\weights\best.pt,tau*=0.61 (Val-Tuned),0.61,609,7,30,639,0.8927291356844416,0.8125,0.9886363636363636,0.9382381963886586,491,26,123,614,0.8417779403694896,0.7272727272727273,0.9497098646034816,0.8924926103938141,0.7272727272727273,0.9285714285714286,0.9285714285714286,0.7826961770623743,0.8125,0.9429898648648649,0.0,0.5823863636363636,0.6666666666666666,0.8912938912938912,43.238070249557495
yolo11n,20%,1,C:\Dev\repos\Public repos\research\pruning-missed-detections\models\yolo11n\pruning_fp32\20pct\seed_1\weights\best.pt,tau=0.25 (Safety),0.25,615,34,24,639,0.9033796074994689,0.84375,0.9476117103235747,0.9249671640176228,553,48,61,614,0.9490065392354124,0.8853118712273642,0.9201331114808652,0.9343468150469569,1.0,0.9642857142857143,0.9464285714285714,0.8853118712273642,0.875,0.9653716216216216,0.66875,0.9058238636363636,0.9545454545454546,0.985990860990861,43.01332879066467
yolo11n,20%,1,C:\Dev\repos\Public repos\research\pruning-missed-detections\models\yolo11n\pruning_fp32\20pct\seed_1\weights\best.pt,tau=0.35 (Balanced),0.35,612,27,27,639,0.8826041445365058,0.8125,0.9577464788732394,0.918641264241919,537,37,77,614,0.9157787634900311,0.8611670020120724,0.9355400696864111,0.9255539487413034,0.9090909090909091,0.9642857142857143,0.9285714285714286,0.8611670020120724,0.875,0.9653716216216216,0.0,0.6370738636363636,0.9166666666666666,0.9512686387686388,43.01332879066467
yolo11n,20%,1,C:\Dev\repos\Public repos\research\pruning-missed-detections\models\yolo11n\pruning_fp32\20pct\seed_1\weights\best.pt,tau=0.50 (Standard),0.5,606,19,33,639,0.8598738138233837,0.8,0.9696,0.9114463881182843,525,29,89,614,0.9097425461862082,0.8370221327967807,0.9476534296028881,0.9283110927197532,0.9090909090909091,0.9642857142857143,0.9285714285714286,0.8370221327967807,0.875,0.9653716216216216,0.0,0.6183238636363637,0.9166666666666666,0.9512686387686388,43.01332879066467
yolo11n,20%,1,C:\Dev\repos\Public repos\research\pruning-missed-detections\models\yolo11n\pruning_fp32\20pct\seed_1\weights\best.pt,tau*=0.62 (Val-Tuned),0.62,603,10,36,639,0.8422812212307911,0.7666666666666667,0.9836867862969005,0.9075086795113856,498,20,116,614,0.8709815712456558,0.7907444668008048,0.9613899613899614,0.9139554115936418,0.8181818181818182,0.9642857142857143,0.9107142857142857,0.7907444668008048,0.8125,0.9134290540540541,0.0,0.5886363636363636,0.8333333333333334,0.9291125541125542,43.01332879066467
yolo11n,20%,2,C:\Dev\repos\Public repos\research\pruning-missed-detections\models\yolo11n\pruning_fp32\20pct\seed_2\weights\best.pt,tau=0.25 (Safety),0.25,604,33,35,639,0.9211666135542809,0.875,0.9481946624803768,0.9344852462976766,529,67,85,614,0.9188273580879216,0.8430583501006036,0.8875838926174496,0.9029354337962989,0.9393939393939394,0.9642857142857143,0.9285714285714286,0.8430583501006036,0.875,0.9670608108108107,0.51875,0.8796875,0.8888888888888888,0.9400252525252525,43.897549629211426
yolo11n,20%,2,C:\Dev\repos\Public repos\research\pruning-missed-detections\models\yolo11n\pruning_fp32\20pct\seed_2\weights\best.pt,tau=0.35 (Balanced),0.35,597,23,42,639,0.8989999380355499,0.8125,0.9629032258064516,0.9298549539472064,523,55,91,614,0.8937412352905311,0.8390342052313883,0.9048442906574394,0.8992584921993397,0.8787878787878788,0.9642857142857143,0.8928571428571429,0.8390342052313883,0.75,0.9045608108108107,0.0,0.6265625,0.8888888888888888,0.9400252525252525,43.897549629211426
yolo11n,20%,2,C:\Dev\repos\Public repos\research\pruning-missed-detections\models\yolo11n\pruning_fp32\20pct\seed_2\weights\best.pt,tau=0.50 (Standard),0.5,584,11,55,639,0.8849304670349125,0.8125,0.9815126050420168,0.930722635985852,511,36,103,614,0.8514915249070178,0.7575757575757576,0.9341864716636198,0.89092419219144,0.7575757575757576,0.9642857142857143,0.8571428571428571,0.8269617706237424,0.75,0.9045608108108107,0.0,0.6073863636363637,0.75,0.8831469456469456,43.897549629211426
yolo11n,20%,2,C:\Dev\repos\Public repos\research\pruning-missed-detections\models\yolo11n\pruning_fp32\20pct\seed_2\weights\best.pt,tau*=0.39 (Val-Tuned),0.39,595,18,44,639,0.8980439150909992,0.8125,0.9706362153344209,0.9329300748219439,520,47,94,614,0.8851594414974697,0.8350100603621731,0.9171075837742504,0.9008503459961154,0.8484848484848485,0.9642857142857143,0.8928571428571429,0.8350100603621731,0.75,0.9045608108108107,0.0,0.625,0.875,0.9282858345358345,43.897549629211426
yolo11n,30%,0,C:\Dev\repos\Public repos\research\pruning-missed-detections\models\yolo11n\pruning_fp32\30pct\seed_0\weights\best.pt,tau=0.25 (Safety),0.25,604,34,35,639,0.9133112916932228,0.875,0.9467084639498433,0.9297100500612755,516,64,98,614,0.9145497987927566,0.8189134808853119,0.8896551724137931,0.9019307361533955,1.0,0.9642857142857143,0.875,0.8189134808853119,0.75,0.9341216216216216,0.4625,0.8542613636363636,0.8888888888888888,0.9582130832130832,43.82977318763733
yolo11n,30%,0,C:\Dev\repos\Public repos\research\pruning-missed-detections\models\yolo11n\pruning_fp32\30pct\seed_0\weights\best.pt,tau=0.35 (Balanced),0.35,596,22,43,639,0.9094871999150201,0.875,0.9644012944983819,0.9361396214797966,511,51,103,614,0.9036091549295775,0.8108651911468813,0.9092526690391459,0.9064221277375196,1.0,0.9285714285714286,0.875,0.8108651911468813,0.75,0.9341216216216216,0.4375,0.8480113636363636,0.8888888888888888,0.9468494468494468,43.82977318763733
yolo11n,30%,0,C:\Dev\repos\Public repos\research\pruning-missed-detections\models\yolo11n\pruning_fp32\30pct\seed_0\weights\best.pt,tau=0.50 (Standard),0.5,579,13,60,639,0.8825404096735359,0.8125,0.9780405405405406,0.9278395537981412,498,34,116,614,0.8546334827144686,0.7967806841046278,0.9360902255639098,0.8935091950927472,0.8181818181818182,0.9285714285714286,0.875,0.7967806841046278,0.75,0.9028716216216216,0.4,0.8386363636363636,0.7916666666666666,0.8934433621933622,43.82977318763733
yolo11n,30%,0,C:\Dev\repos\Public repos\research\pruning-missed-detections\models\yolo11n\pruning_fp32\30pct\seed_0\weights\best.pt,tau*=0.32 (Val-Tuned),0.32,599,23,40,639,0.9109212343318461,0.875,0.9630225080385852,0.9362475851086147,512,55,102,614,0.9125377263581489,0.8108651911468813,0.9029982363315696,0.9077429193599035,1.0,0.9642857142857143,0.875,0.8108651911468813,0.75,0.9341216216216216,0.4375,0.8480113636363636,0.8888888888888888,0.9582130832130832,43.82977318763733
yolo11n,30%,1,C:\Dev\repos\Public repos\research\pruning-missed-detections\models\yolo11n\pruning_fp32\30pct\seed_1\weights\best.pt,tau=0.25 (Safety),0.25,611,37,28,639,0.8858298367679343,0.8125,0.9429012345679012,0.9134749879821766,536,60,78,614,0.9139229315285653,0.8591549295774648,0.8993288590604027,0.9065671646338247,0.9393939393939394,0.9285714285714286,0.9285714285714286,0.8591549295774648,0.8125,0.9497466216216216,0.575,0.89375,0.9090909090909091,0.942550505050505,43.64886689186096
yolo11n,30%,1,C:\Dev\repos\Public repos\research\pruning-missed-detections\models\yolo11n\pruning_fp32\30pct\seed_1\weights\best.pt,tau=0.35 (Balanced),0.35,610,31,29,639,0.877496503434601,0.8125,0.9516380655226209,0.9130646691647508,532,46,82,614,0.8977653801597463,0.8551307847082495,0.9204152249134948,0.9089492231889645,0.8787878787878788,0.9285714285714286,0.9285714285714286,0.8551307847082495,0.8125,0.9184966216216216,0.0,0.640625,0.9090909090909091,0.942550505050505,43.64886689186096
yolo11n,30%,1,C:\Dev\repos\Public repos\research\pruning-missed-detections\models\yolo11n\pruning_fp32\30pct\seed_1\weights\best.pt,tau=0.50 (Standard),0.5,605,20,34,639,0.8520613138233837,0.78125,0.968,0.906337984898318,519,32,95,614,0.8660466587403207,0.7878787878787878,0.941923774954628,0.9023930069701167,0.7878787878787878,0.9285714285714286,0.9107142857142857,0.8370221327967807,0.8125,0.9168074324324325,0.0,0.6296875,0.7916666666666666,0.8960888648388647,43.64886689186096
yolo11n,30%,1,C:\Dev\repos\Public repos\research\pruning-missed-detections\models\yolo11n\pruning_fp32\30pct\seed_1\weights\best.pt,tau*=0.60 (Val-Tuned),0.6,603,13,36,639,0.8353946471567171,0.7333333333333333,0.9788961038961039,0.9014702465333381,503,24,111,614,0.8430030943235168,0.7575757575757576,0.9544592030360531,0.895275592424839,0.7575757575757576,0.9285714285714286,0.875,0.8108651911468813,0.6875,0.8821790540540541,0.0,0.6125,0.75,0.8856721981721982,43.64886689186096
yolo11n,30%,2,C:\Dev\repos\Public repos\research\pruning-missed-detections\models\yolo11n\pruning_fp32\30pct\seed_2\weights\best.pt,tau=0.25 (Safety),0.25,612,31,27,639,0.9092800616103676,0.875,0.9517884914463453,0.9300488117118798,533,51,81,614,0.9305206237424547,0.8470824949698189,0.9126712328767124,0.921509501941885,1.0,0.9285714285714286,0.9464285714285714,0.8470824949698189,0.8125,0.9396114864864865,0.575,0.89375,0.9090909090909091,0.9772727272727273,44.0906445980072
yolo11n,30%,2,C:\Dev\repos\Public repos\research\pruning-missed-detections\models\yolo11n\pruning_fp32\30pct\seed_2\weights\best.pt,tau=0.35 (Balanced),0.35,604,22,35,639,0.8934490298137525,0.8666666666666667,0.9648562300319489,0.9277806841093235,522,37,92,614,0.9249874245472837,0.8249496981891348,0.9338103756708408,0.9293779606431022,1.0,0.9285714285714286,0.9464285714285714,0.8249496981891348,0.8125,0.9396114864864865,0.50625,0.8765625,0.9090909090909091,0.9772727272727273,44.0906445980072
yolo11n,30%,2,C:\Dev\repos\Public repos\research\pruning-missed-detections\models\yolo11n\pruning_fp32\30pct\seed_2\weights\best.pt,tau=0.50 (Standard),0.5,597,13,42,639,0.8859513313504709,0.8518518518518519,0.978688524590164,0.9300138024784226,500,28,114,614,0.8958142796170966,0.7867203219315896,0.946969696969697,0.9206819547903474,0.9393939393939394,0.9285714285714286,0.9285714285714286,0.7867203219315896,0.75,0.9155405405405406,0.41875,0.8546875,0.9090909090909091,0.9564393939393939,44.0906445980072
yolo11n,30%,2,C:\Dev\repos\Public repos\research\pruning-missed-detections\models\yolo11n\pruning_fp32\30pct\seed_2\weights\best.pt,tau*=0.27 (Val-Tuned),0.27,612,28,27,639,0.9092800616103676,0.875,0.95625,0.9321737310031261,532,47,82,614,0.9300176056338028,0.8450704225352113,0.918825561312608,0.9243877077344929,1.0,0.9285714285714286,0.9464285714285714,0.8450704225352113,0.8125,0.9396114864864865,0.56875,0.8921875,0.9090909090909091,0.9772727272727273,44.0906445980072
yolo11n,40%,0,C:\Dev\repos\Public repos\research\pruning-missed-detections\models\yolo11n\pruning_fp32\40pct\seed_0\weights\best.pt,tau=0.25 (Safety),0.25,607,51,32,639,0.8954768164435947,0.8125,0.9224924012158054,0.908783878857626,537,70,77,614,0.9126672916285592,0.8611670020120724,0.8846787479406919,0.898455098872202,0.8787878787878788,0.9642857142857143,0.9464285714285714,0.8611670020120724,0.8125,0.9184966216216216,0.5875,0.896875,0.875,0.9560636123136124,43.49516701698303
yolo11n,40%,0,C:\Dev\repos\Public repos\research\pruning-missed-detections\models\yolo11n\pruning_fp32\40pct\seed_0\weights\best.pt,tau=0.35 (Balanced),0.35,599,39,40,639,0.891652724665392,0.8125,0.9388714733542319,0.9146530903361895,526,58,88,614,0.8929886134991769,0.8181818181818182,0.9006849315068494,0.8968202607718122,0.8181818181818182,0.9642857142857143,0.9464285714285714,0.8430583501006036,0.8125,0.9168074324324325,0.55625,0.8890625,0.7916666666666666,0.9312620250120249,43.49516701698303
yolo11n,40%,0,C:\Dev\repos\Public repos\research\pruning-missed-detections\models\yolo11n\pruning_fp32\40pct\seed_0\weights\best.pt,tau=0.50 (Standard),0.5,583,20,56,639,0.8719976010905743,0.8125,0.966832504145937,0.9169695687174025,499,41,115,614,0.8303037924516798,0.696969696969697,0.924074074074074,0.8746829549661501,0.696969696969697,0.8928571428571429,0.9285714285714286,0.8028169014084507,0.8125,0.9117398648648649,0.0,0.615625,0.6666666666666666,0.8607503607503608,43.49516701698303
yolo11n,40%,0,C:\Dev\repos\Public repos\research\pruning-missed-detections\models\yolo11n\pruning_fp32\40pct\seed_0\weights\best.pt,tau*=0.43 (Val-Tuned),0.43,593,25,46,639,0.880929333970682,0.8125,0.959546925566343,0.9185590193544894,511,49,103,614,0.8589110420096335,0.7575757575757576,0.9125,0.8848949309299025,0.7575757575757576,0.9285714285714286,0.9285714285714286,0.8209255533199196,0.8125,0.9168074324324325,0.5,0.875,0.7083333333333334,0.8825306637806638,43.49516701698303
yolo11n,40%,1,C:\Dev\repos\Public repos\research\pruning-missed-detections\models\yolo11n\pruning_fp32\40pct\seed_1\weights\best.pt,tau=0.25 (Safety),0.25,613,58,26,639,0.9019756701012676,0.84375,0.9135618479880775,0.9077317894098709,535,60,79,614,0.9196428571428572,0.8571428571428571,0.8991596638655462,0.9092859205478323,1.0,0.9285714285714286,0.8928571428571429,0.8571428571428571,0.75,0.9324324324324325,0.575,0.89375,0.8888888888888888,0.9494949494949495,42.62230920791626
yolo11n,40%,1,C:\Dev\repos\Public repos\research\pruning-missed-detections\models\yolo11n\pruning_fp32\40pct\seed_1\weights\best.pt,tau=0.35 (Balanced),0.35,611,44,28,639,0.8931643252956589,0.84375,0.932824427480916,0.9125636717349994,524,45,90,614,0.9070369184805805,0.8370221327967807,0.9209138840070299,0.9139227274595981,0.9696969696969697,0.9285714285714286,0.8928571428571429,0.8370221327967807,0.75,0.9273648648648649,0.0,0.6328125,0.8888888888888888,0.9494949494949495,42.62230920791626
yolo11n,40%,1,C:\Dev\repos\Public repos\research\pruning-missed-detections\models\yolo11n\pruning_fp32\40pct\seed_1\weights\best.pt,tau=0.50 (Standard),0.5,610,23,29,639,0.8885346956660294,0.8333333333333334,0.9636650868878357,0.9245761421278643,500,31,114,614,0.8317156728248277,0.7878787878787878,0.9416195856873822,0.8832619365072241,0.7878787878787878,0.8571428571428571,0.875,0.806841046277666,0.75,0.8876689189189189,0.0,0.6089488636363637,0.7916666666666666,0.8720388407888408,42.62230920791626
yolo11n,40%,1,C:\Dev\repos\Public repos\research\pruning-missed-detections\models\yolo11n\pruning_fp32\40pct\seed_1\weights\best.pt,tau*=0.49 (Val-Tuned),0.49,610,23,29,639,0.8885346956660294,0.8333333333333334,0.9636650868878357,0.9245761421278643,502,31,112,614,0.8411472623620511,0.7878787878787878,0.9418386491557224,0.8886497601652092,0.7878787878787878,0.8928571428571429,0.875,0.8088531187122736,0.75,0.8876689189189189,0.0,0.6105113636363636,0.7916666666666666,0.8834024771524771,42.62230920791626
yolo11n,40%,2,C:\Dev\repos\Public repos\research\pruning-missed-detections\models\yolo11n\pruning_fp32\40pct\seed_2\weights\best.pt,tau=0.25 (Safety),0.25,617,31,22,639,0.9384189549252886,0.8703703703703703,0.9521604938271605,0.9452397846893427,533,49,81,614,0.9349849094567405,0.8470824949698189,0.915807560137457,0.9252968798632107,1.0,0.9642857142857143,0.9285714285714286,0.8470824949698189,0.8125,0.9514358108108107,0.55,0.8875,0.9444444444444444,0.9707792207792207,41.46133208274841
yolo11n,40%,2,C:\Dev\repos\Public repos\research\pruning-missed-detections\models\yolo11n\pruning_fp32\40pct\seed_2\weights\best.pt,tau=0.35 (Balanced),0.35,612,24,27,639,0.9203911727214786,0.8333333333333334,0.9622641509433962,0.9408620040237207,526,38,88,614,0.9133570361563319,0.8390342052313883,0.9326241134751773,0.9228900265873817,0.9393939393939394,0.9642857142857143,0.9107142857142857,0.8390342052313883,0.75,0.9358108108108107,0.53125,0.8828125,0.9166666666666666,0.9486231361231361,41.46133208274841
yolo11n,40%,2,C:\Dev\repos\Public repos\research\pruning-missed-detections\models\yolo11n\pruning_fp32\40pct\seed_2\weights\best.pt,tau=0.50 (Standard),0.5,607,16,32,639,0.9022904716379859,0.8333333333333334,0.9743178170144462,0.9369218797072887,513,26,101,614,0.8706043076641669,0.8181818181818182,0.9517625231910947,0.9093762447098603,0.8181818181818182,0.9642857142857143,0.875,0.8249496981891348,0.75,0.9358108108108107,0.0,0.6234375,0.7916666666666666,0.888272607022607,41.46133208274841
yolo11n,40%,2,C:\Dev\repos\Public repos\research\pruning-missed-detections\models\yolo11n\pruning_fp32\40pct\seed_2\weights\best.pt,tau*=0.38 (Val-Tuned),0.38,611,20,28,639,0.9199131612492033,0.8333333333333334,0.9683042789223455,0.9434886378272811,523,35,91,614,0.9039254466191087,0.8370221327967807,0.9372759856630825,0.9202986692180859,0.9393939393939394,0.9642857142857143,0.875,0.8370221327967807,0.75,0.9358108108108107,0.525,0.88125,0.8333333333333334,0.9208453583453584,41.46133208274841
yolo11n,50%,0,C:\Dev\repos\Public repos\research\pruning-missed-detections\models\yolo11n\pruning_fp32\50pct\seed_0\weights\best.pt,tau=0.25 (Safety),0.25,615,35,24,639,0.9227939549252886,0.84375,0.9461538461538461,0.9343279134451459,547,87,67,614,0.9318429516492897,0.8772635814889336,0.862776025236593,0.8959804485783417,0.9393939393939394,0.9642857142857143,0.9464285714285714,0.8772635814889336,0.875,0.9619932432432432,0.64375,0.9109375,0.9166666666666666,0.9539141414141414,41.4806547164917
yolo11n,50%,0,C:\Dev\repos\Public repos\research\pruning-missed-detections\models\yolo11n\pruning_fp32\50pct\seed_0\weights\best.pt,tau=0.35 (Balanced),0.35,613,20,26,639,0.9103518252956591,0.8125,0.9684044233807267,0.9384812266840133,535,73,79,614,0.9116612554112554,0.8571428571428571,0.8799342105263158,0.8955168086763688,0.8787878787878788,0.9642857142857143,0.9464285714285714,0.8571428571428571,0.875,0.9273648648648649,0.6,0.9,0.875,0.9421747234247233,41.4806547164917
yolo11n,50%,0,C:\Dev\repos\Public repos\research\pruning-missed-detections\models\yolo11n\pruning_fp32\50pct\seed_0\weights\best.pt,tau=0.50 (Standard),0.5,609,12,30,639,0.9042881612492033,0.8125,0.9806763285024155,0.9409344300156276,510,49,104,614,0.873056520943845,0.8169014084507042,0.9123434704830053,0.8922677496028886,0.8181818181818182,0.9642857142857143,0.8928571428571429,0.8169014084507042,0.75,0.879222972972973,0.5375,0.884375,0.7916666666666666,0.9074525012025012,41.4806547164917
yolo11n,50%,0,C:\Dev\repos\Public repos\research\pruning-missed-detections\models\yolo11n\pruning_fp32\50pct\seed_0\weights\best.pt,tau*=0.50 (Val-Tuned),0.5,609,12,30,639,0.9042881612492033,0.8125,0.9806763285024155,0.9409344300156276,510,49,104,614,0.873056520943845,0.8169014084507042,0.9123434704830053,0.8922677496028886,0.8181818181818182,0.9642857142857143,0.8928571428571429,0.8169014084507042,0.75,0.879222972972973,0.5375,0.884375,0.7916666666666666,0.9074525012025012,41.4806547164917
yolo11n,50%,1,C:\Dev\repos\Public repos\research\pruning-missed-detections\models\yolo11n\pruning_fp32\50pct\seed_1\weights\best.pt,tau=0.25 (Safety),0.25,609,23,30,639,0.8811701101196798,0.8125,0.9636075949367089,0.9205469127420807,539,73,75,614,0.8999336930674958,0.869215291750503,0.880718954248366,0.8902226520663816,0.9090909090909091,0.8928571428571429,0.9285714285714286,0.869215291750503,0.8125,0.9497466216216216,0.60625,0.9015625,0.8636363636363636,0.920770202020202,40.77339720726013
yolo11n,50%,1,C:\Dev\repos\Public repos\research\pruning-missed-detections\models\yolo11n\pruning_fp32\50pct\seed_1\weights\best.pt,tau=0.35 (Balanced),0.35,608,16,31,639,0.8728367767863465,0.8125,0.9743589743589743,0.9208080368147527,526,57,88,614,0.8792489787208096,0.8470824949698189,0.902229845626072,0.8905911869359303,0.8484848484848485,0.8928571428571429,0.9285714285714286,0.8470824949698189,0.8125,0.9497466216216216,0.0,0.634375,0.8333333333333334,0.9103535353535354,40.77339720726013
yolo11n,50%,1,C:\Dev\repos\Public repos\research\pruning-missed-detections\models\yolo11n\pruning_fp32\50pct\seed_1\weights\best.pt,tau=0.50 (Standard),0.5,603,8,36,639,0.8584397794065577,0.8,0.9869067103109657,0.9182015230363401,499,34,115,614,0.8294539967075178,0.7272727272727273,0.9362101313320825,0.8796047026833517,0.7272727272727273,0.8928571428571429,0.8928571428571429,0.8048289738430584,0.75,0.8978040540540541,0.0,0.609375,0.7083333333333334,0.8625691438191437,40.77339720726013
yolo11n,50%,1,C:\Dev\repos\Public repos\research\pruning-missed-detections\models\yolo11n\pruning_fp32\50pct\seed_1\weights\best.pt,tau*=0.43 (Val-Tuned),0.43,605,9,34,639,0.8714027423695205,0.8125,0.9853420195439739,0.9248764349470066,508,49,106,614,0.8410538991524907,0.7575757575757576,0.9120287253141831,0.8751045784826345,0.7575757575757576,0.8928571428571429,0.8928571428571429,0.8209255533199196,0.75,0.9307432432432432,0.0,0.6171875,0.7083333333333334,0.8652146464646464,40.77339720726013
yolo11n,50%,2,C:\Dev\repos\Public repos\research\pruning-missed-detections\models\yolo11n\pruning_fp32\50pct\seed_2\weights\best.pt,tau=0.25 (Safety),0.25,615,33,24,639,0.9269455730826428,0.84375,0.9490740740740741,0.9378793157350984,526,57,88,614,0.8992115572221206,0.8430583501006036,0.902229845626072,0.9007181728753256,0.8787878787878788,0.9642857142857143,0.9107142857142857,0.8430583501006036,0.8125,0.9514358108108107,0.0,0.6328125,0.875,0.9269630832130832,40.88432741165161
yolo11n,50%,2,C:\Dev\repos\Public repos\research\pruning-missed-detections\models\yolo11n\pruning_fp32\50pct\seed_2\weights\best.pt,tau=0.35 (Balanced),0.35,612,28,27,639,0.9098738138233837,0.8125,0.95625,0.9324856454041873,523,44,91,614,0.8977025028961649,0.8370221327967807,0.9223985890652557,0.909883001256199,0.8787878787878788,0.9642857142857143,0.9107142857142857,0.8370221327967807,0.8125,0.9514358108108107,0.0,0.628125,0.875,0.9269630832130832,40.88432741165161
yolo11n,50%,2,C:\Dev\repos\Public repos\research\pruning-missed-detections\models\yolo11n\pruning_fp32\50pct\seed_2\weights\best.pt,tau=0.50 (Standard),0.5,609,17,30,639,0.8922812212307911,0.8125,0.9728434504792333,0.9308224326517781,512,32,102,614,0.8656370038412291,0.8181818181818182,0.9411764705882353,0.9018276558327363,0.8181818181818182,0.9285714285714286,0.8928571428571429,0.8229376257545271,0.75,0.9045608108108107,0.0,0.6171875,0.8333333333333334,0.9051827801827802,40.88432741165161
yolo11n,50%,2,C:\Dev\repos\Public repos\research\pruning-missed-detections\models\yolo11n\pruning_fp32\50pct\seed_2\weights\best.pt,tau*=0.58 (Val-Tuned),0.58,608,14,31,639,0.8839478878974576,0.8125,0.977491961414791,0.9283694609294963,498,25,116,614,0.807732760197549,0.6363636363636364,0.9521988527724665,0.8740364704386361,0.6363636363636364,0.8928571428571429,0.8928571428571429,0.8088531187122736,0.75,0.9045608108108107,0.0,0.60625,0.5833333333333334,0.8313191438191437,40.88432741165161
yolo26n,0%,0,C:\Dev\repos\Public repos\research\pruning-missed-detections\models\yolo26n\baseline\seed_0\weights\best.pt,tau=0.25 (Safety),0.25,614,28,25,639,0.8949733552864527,0.8,0.956386292834891,0.9246612351273559,538,60,76,614,0.9087060240229254,0.8631790744466801,0.8996655518394648,0.9041631902144451,0.8787878787878788,0.9285714285714286,0.9642857142857143,0.8631790744466801,0.75,0.9184966216216216,0.59375,0.8984375,0.9090909090909091,0.9412277537277536,43.04602813720703
yolo26n,0%,0,C:\Dev\repos\Public repos\research\pruning-missed-detections\models\yolo26n\baseline\seed_0\weights\best.pt,tau=0.35 (Balanced),0.35,612,22,27,639,0.8788275219531194,0.7666666666666667,0.9652996845425867,0.9200362390626274,532,45,82,614,0.9017266477653803,0.8531187122736419,0.9220103986135182,0.9117557244311836,0.8787878787878788,0.9285714285714286,0.9464285714285714,0.8531187122736419,0.75,0.9168074324324325,0.56875,0.8921875,0.8888888888888888,0.9273388648388647,43.04602813720703
yolo26n,0%,0,C:\Dev\repos\Public repos\research\pruning-missed-detections\models\yolo26n\baseline\seed_0\weights\best.pt,tau=0.50 (Standard),0.5,601,15,38,639,0.8280728834714255,0.71875,0.9756493506493507,0.8958239309425007,519,28,95,614,0.8686551124931406,0.8181818181818182,0.9488117001828154,0.9069658146259202,0.8181818181818182,0.8928571428571429,0.9285714285714286,0.8350100603621731,0.75,0.8700731981981982,0.0,0.6328125,0.8333333333333334,0.9030333092833094,43.04602813720703
yolo26n,0%,0,C:\Dev\repos\Public repos\research\pruning-missed-detections\models\yolo26n\baseline\seed_0\weights\best.pt,tau*=0.28 (Val-Tuned),0.28,614,24,25,639,0.8949733552864527,0.8,0.9623824451410659,0.9274546597893933,536,53,78,614,0.9076999878056216,0.8591549295774648,0.9100169779286927,0.9088570061677228,0.8787878787878788,0.9285714285714286,0.9642857142857143,0.8591549295774648,0.75,0.9184966216216216,0.58125,0.8953125,0.9090909090909091,0.9412277537277536,43.04602813720703
yolo26n,0%,1,C:\Dev\repos\Public repos\research\pruning-missed-detections\models\yolo26n\baseline\seed_1\weights\best.pt,tau=0.25 (Safety),0.25,612,44,27,639,0.9239490386658169,0.8888888888888888,0.9329268292682927,0.9284162306519615,539,50,75,614,0.9215958630571306,0.8611670020120724,0.9151103565365025,0.9183416594640469,0.8787878787878788,0.9642857142857143,0.9821428571428571,0.8611670020120724,0.9375,0.9826858108108107,0.0,0.6453125,0.875,0.9560636123136124,41.86057710647583
yolo26n,0%,1,C:\Dev\repos\Public repos\research\pruning-missed-detections\models\yolo26n\baseline\seed_1\weights\best.pt,tau=0.35 (Balanced),0.35,604,31,35,639,0.8939698631470858,0.84375,0.9511811023622048,0.9216885293416962,529,40,85,614,0.8984589354307664,0.8181818181818182,0.929701230228471,0.9138131256443125,0.8181818181818182,0.9642857142857143,0.9642857142857143,0.8470824949698189,0.9375,0.9826858108108107,0.0,0.6359375,0.7916666666666666,0.9200186387686388,41.86057710647583
yolo26n,0%,1,C:\Dev\repos\Public repos\research\pruning-missed-detections\models\yolo26n\baseline\seed_1\weights\best.pt,tau=0.50 (Standard),0.5,592,25,47,639,0.8882337254797819,0.84375,0.9594813614262561,0.9224838940024261,509,29,105,614,0.8380396012438265,0.6363636363636364,0.9460966542750929,0.8887958645918672,0.6363636363636364,0.9642857142857143,0.9285714285714286,0.8229376257545271,0.625,0.8716216216216216,0.0,0.6073863636363637,0.6666666666666666,0.8887686387686388,41.86057710647583
yolo26n,0%,1,C:\Dev\repos\Public repos\research\pruning-missed-detections\models\yolo26n\baseline\seed_1\weights\best.pt,tau*=0.33 (Val-Tuned),0.33,606,33,33,639,0.9022603746193611,0.8703703703703703,0.9483568075117371,0.9247344903963457,533,41,81,614,0.9185777544052192,0.8490945674044266,0.9285714285714286,0.9235475569844893,0.8787878787878788,0.9642857142857143,0.9821428571428571,0.8490945674044266,0.9375,0.9826858108108107,0.0,0.6359375,0.875,0.9560636123136124,41.86057710647583
yolo26n,0%,2,C:\Dev\repos\Public repos\research\pruning-missed-detections\models\yolo26n\baseline\seed_2\weights\best.pt,tau=0.25 (Safety),0.25,615,28,24,639,0.9264247397493095,0.875,0.9564541213063764,0.9411999664350243,536,44,78,614,0.8940575269800622,0.8181818181818182,0.9241379310344827,0.9088489024292253,0.8181818181818182,0.9642857142857143,0.9285714285714286,0.8651911468812877,0.75,0.8754222972972973,0.0,0.6609375,0.875,0.9421747234247233,41.530998945236206
yolo26n,0%,2,C:\Dev\repos\Public repos\research\pruning-missed-detections\models\yolo26n\baseline\seed_2\weights\best.pt,tau=0.35 (Balanced),0.35,611,21,28,639,0.9051712653140713,0.84375,0.9667721518987342,0.934958144522915,527,35,87,614,0.8824576245350892,0.7878787878787878,0.9377224199288257,0.9092510399512758,0.7878787878787878,0.9642857142857143,0.9285714285714286,0.8490945674044266,0.625,0.8374155405405406,0.0,0.6546875,0.875,0.9421747234247233,41.530998945236206
yolo26n,0%,2,C:\Dev\repos\Public repos\research\pruning-missed-detections\models\yolo26n\baseline\seed_2\weights\best.pt,tau=0.50 (Standard),0.5,601,13,38,639,0.8852013402025352,0.8125,0.9788273615635179,0.9296630373363032,511,23,103,614,0.867336595329553,0.7575757575757576,0.9569288389513109,0.9099327165357106,0.7575757575757576,0.9642857142857143,0.9285714285714286,0.8189134808853119,0.625,0.8255912162162162,0.0,0.64375,0.8333333333333334,0.9304353054353055,41.530998945236206
yolo26n,0%,2,C:\Dev\repos\Public repos\research\pruning-missed-detections\models\yolo26n\baseline\seed_2\weights\best.pt,tau*=0.31 (Val-Tuned),0.31,613,21,26,639,0.9181342282770342,0.84375,0.9668769716088328,0.9418754034147501,529,39,85,614,0.8905364002194989,0.8181818181818182,0.9313380281690141,0.9104803295656042,0.8181818181818182,0.9642857142857143,0.9285714285714286,0.8511066398390342,0.75,0.8703547297297297,0.0,0.6546875,0.875,0.9421747234247233,41.530998945236206
yolo26n,10%,0,C:\Dev\repos\Public repos\research\pruning-missed-detections\models\yolo26n\pruning_fp32\10pct\seed_0\weights\best.pt,tau=0.25 (Safety),0.25,610,17,29,639,0.8889826101196798,0.84375,0.9728867623604466,0.929044138259819,515,49,99,614,0.8742187976342906,0.8269617706237424,0.9131205673758865,0.8932463304213561,0.8484848484848485,0.9285714285714286,0.8928571428571429,0.8269617706237424,0.6875,0.8771114864864865,0.0,0.6296875,0.875,0.9308110870610871,41.73205280303955
yolo26n,10%,0,C:\Dev\repos\Public repos\research\pruning-missed-detections\models\yolo26n\pruning_fp32\10pct\seed_0\weights\best.pt,tau=0.35 (Balanced),0.35,605,15,34,639,0.8824409346009489,0.84375,0.9758064516129032,0.926778171237346,511,34,103,614,0.8722067251996829,0.8189134808853119,0.9376146788990826,0.903728762108388,0.8484848484848485,0.9285714285714286,0.8928571428571429,0.8189134808853119,0.6875,0.8754222972972973,0.0,0.625,0.875,0.9308110870610871,41.73205280303955
yolo26n,10%,0,C:\Dev\repos\Public repos\research\pruning-missed-detections\models\yolo26n\pruning_fp32\10pct\seed_0\weights\best.pt,tau=0.50 (Standard),0.5,599,12,40,639,0.8639351409248637,0.8125,0.9803600654664485,0.9184728219004653,502,26,112,614,0.8464613438204988,0.7575757575757576,0.9507575757575758,0.8955831996384859,0.7575757575757576,0.9285714285714286,0.8928571428571429,0.806841046277666,0.6875,0.8720439189189189,0.0,0.6203125,0.75,0.8982383357383358,41.73205280303955
yolo26n,10%,0,C:\Dev\repos\Public repos\research\pruning-missed-detections\models\yolo26n\pruning_fp32\10pct\seed_0\weights\best.pt,tau*=0.21 (Val-Tuned),0.21,614,19,25,639,0.8987499778698391,0.84375,0.9699842022116903,0.9330094023686305,519,51,95,614,0.8762308700688982,0.8350100603621731,0.9105263157894737,0.8930494554262052,0.8484848484848485,0.9285714285714286,0.8928571428571429,0.8350100603621731,0.6875,0.8804898648648649,0.0,0.6328125,0.875,0.9308110870610871,41.73205280303955
yolo26n,10%,1,C:\Dev\repos\Public repos\research\pruning-missed-detections\models\yolo26n\pruning_fp32\10pct\seed_1\weights\best.pt,tau=0.25 (Safety),0.25,615,22,24,639,0.9112349293605269,0.84375,0.9654631083202512,0.9375655429337051,517,35,97,614,0.861929150661545,0.7575757575757576,0.9365942028985508,0.897711830342269,0.7575757575757576,0.9285714285714286,0.9285714285714286,0.8329979879275654,0.75,0.9341216216216216,0.0,0.6265625,0.7083333333333334,0.9017105579605579,42.4373664855957
yolo26n,10%,1,C:\Dev\repos\Public repos\research\pruning-missed-detections\models\yolo26n\pruning_fp32\10pct\seed_1\weights\best.pt,tau=0.35 (Balanced),0.35,612,18,27,639,0.8940902512215849,0.84375,0.9714285714285714,0.9311563141866797,511,27,103,614,0.8306200841412109,0.6363636363636364,0.949814126394052,0.8862272864850825,0.6363636363636364,0.9285714285714286,0.9285714285714286,0.8289738430583501,0.75,0.8699324324324325,0.0,0.625,0.625,0.8808772246272246,42.4373664855957
yolo26n,10%,1,C:\Dev\repos\Public repos\research\pruning-missed-detections\models\yolo26n\pruning_fp32\10pct\seed_1\weights\best.pt,tau=0.50 (Standard),0.5,607,12,32,639,0.8770312168047589,0.78125,0.9806138933764136,0.9259346593275732,496,18,118,614,0.808929333577221,0.5757575757575758,0.9649805447470817,0.8800910108405546,0.5757575757575758,0.9285714285714286,0.9285714285714286,0.8028169014084507,0.625,0.8336148648648649,0.0,0.6109375,0.5833333333333334,0.8691378066378066,42.4373664855957
yolo26n,10%,1,C:\Dev\repos\Public repos\research\pruning-missed-detections\models\yolo26n\pruning_fp32\10pct\seed_1\weights\best.pt,tau*=0.55 (Val-Tuned),0.55,607,10,32,639,0.8770312168047589,0.78125,0.9837925445705025,0.927349263651324,488,18,126,614,0.7978324492408999,0.5454545454545454,0.9644268774703557,0.873255197011082,0.5454545454545454,0.9285714285714286,0.9285714285714286,0.7887323943661971,0.5,0.7972972972972973,0.0,0.6046875,0.5833333333333334,0.8691378066378066,42.4373664855957
yolo26n,10%,2,C:\Dev\repos\Public repos\research\pruning-missed-detections\models\yolo26n\pruning_fp32\10pct\seed_2\weights\best.pt,tau=0.25 (Safety),0.25,595,37,44,639,0.8901885932299413,0.8125,0.9414556962025317,0.9151046702965672,524,61,90,614,0.8782429425035059,0.8430583501006036,0.8957264957264958,0.8868985635627366,0.8484848484848485,0.8928571428571429,0.9285714285714286,0.8430583501006036,0.8333333333333334,0.892454954954955,0.0,0.6198863636363636,0.875,0.9321338383838385,42.16175055503845
yolo26n,10%,2,C:\Dev\repos\Public repos\research\pruning-missed-detections\models\yolo26n\pruning_fp32\10pct\seed_2\weights\best.pt,tau=0.35 (Balanced),0.35,584,26,55,639,0.8807788488775583,0.8125,0.9573770491803278,0.9174819787698855,517,45,97,614,0.8535035973416255,0.7575757575757576,0.9199288256227758,0.8854722083572246,0.7575757575757576,0.8928571428571429,0.9285714285714286,0.8350100603621731,0.8333333333333334,0.892454954954955,0.0,0.6136363636363636,0.75,0.9008838383838385,42.16175055503845
yolo26n,10%,2,C:\Dev\repos\Public repos\research\pruning-missed-detections\models\yolo26n\pruning_fp32\10pct\seed_2\weights\best.pt,tau=0.50 (Standard),0.5,568,15,71,639,0.8689790471637986,0.8125,0.9742710120068611,0.9186177333681521,495,30,119,614,0.7872671635875861,0.6060606060606061,0.9428571428571428,0.8580660542834254,0.6060606060606061,0.8928571428571429,0.8392857142857143,0.8108651911468813,0.625,0.7936373873873874,0.0,0.5928977272727273,0.625,0.8378878066378067,42.16175055503845
yolo26n,10%,2,C:\Dev\repos\Public repos\research\pruning-missed-detections\models\yolo26n\pruning_fp32\10pct\seed_2\weights\best.pt,tau*=0.32 (Val-Tuned),0.32,589,26,50,639,0.883168906238935,0.8125,0.9577235772357724,0.9189365395094009,518,48,96,614,0.8540066154502775,0.7575757575757576,0.9151943462897526,0.8835423934943442,0.7575757575757576,0.8928571428571429,0.9285714285714286,0.8370221327967807,0.8333333333333334,0.892454954954955,0.0,0.6151988636363637,0.75,0.9008838383838385,42.16175055503845
yolo26n,20%,0,C:\Dev\repos\Public repos\research\pruning-missed-detections\models\yolo26n\pruning_fp32\20pct\seed_0\weights\best.pt,tau=0.25 (Safety),0.25,613,18,26,639,0.9056064549252885,0.8703703703703703,0.971473851030111,0.9373844981408062,545,44,69,614,0.8870476647765381,0.7878787878787878,0.9252971137521222,0.9057687628781512,0.7878787878787878,0.9285714285714286,0.9464285714285714,0.8853118712273642,0.875,0.9358108108108107,0.0,0.6526988636363636,0.7916666666666666,0.9238666426166426,42.38032054901123
yolo26n,20%,0,C:\Dev\repos\Public repos\research\pruning-missed-detections\models\yolo26n\pruning_fp32\20pct\seed_0\weights\best.pt,tau=0.35 (Balanced),0.35,609,15,30,639,0.9036944090361871,0.8703703703703703,0.9759615384615384,0.9384387466399514,539,37,75,614,0.8698840771904153,0.7272727272727273,0.9357638888888888,0.9016221569719578,0.7272727272727273,0.9285714285714286,0.9464285714285714,0.8772635814889336,0.75,0.9045608108108107,0.0,0.6480113636363636,0.75,0.9121272246272246,42.38032054901123
yolo26n,20%,0,C:\Dev\repos\Public repos\research\pruning-missed-detections\models\yolo26n\pruning_fp32\20pct\seed_0\weights\best.pt,tau=0.50 (Standard),0.5,603,11,36,639,0.8893402335174562,0.84375,0.9820846905537459,0.9334143377025543,525,26,89,614,0.835459728065362,0.696969696969697,0.9528130671506352,0.8902858088635672,0.696969696969697,0.8928571428571429,0.8928571428571429,0.8591549295774648,0.75,0.8699324324324325,0.0,0.6272727272727273,0.7083333333333334,0.8890241702741704,42.38032054901123
yolo26n,20%,0,C:\Dev\repos\Public repos\research\pruning-missed-detections\models\yolo26n\pruning_fp32\20pct\seed_0\weights\best.pt,tau*=0.30 (Val-Tuned),0.3,612,15,27,639,0.9051284434530131,0.8703703703703703,0.9760765550239234,0.93926462416915,542,39,72,614,0.8784658709834767,0.7575757575757576,0.9328743545611016,0.9048529600796394,0.7575757575757576,0.9285714285714286,0.9464285714285714,0.8812877263581489,0.75,0.9045608108108107,0.0,0.6495738636363637,0.7916666666666666,0.9238666426166426,42.38032054901123
