model,ratio,seed,tau_80,precision,macro_rec,worst_rec,binding_class,binding_tp,binding_gt,delta_pp,elapsed_sec
yolo11n,0%,0,0.13589663803577423,0.8002915451895044,0.9275349064081458,0.8832997987927566,phone_use,439,497,0.0,21.539268732070923
yolo11n,0%,1,0.018554512411355972,0.8008356545961003,0.9569614657642828,0.9295774647887324,phone_use,462,497,0.0,20.65777587890625
yolo11n,0%,2,0.061768993735313416,0.8008658008658008,0.938978568379977,0.8933601609657947,phone_use,444,497,0.0,20.621553897857666
yolo11n,10%,0,0.0685083270072937,0.8,0.9170344033900373,0.8591549295774648,phone_use,427,497,-1.0500503018108565,20.585018396377563
yolo11n,10%,1,0.022930530831217766,0.8002873563218391,0.9589411468812878,0.8893360160965795,phone_use,442,497,0.19796811170050832,20.502702236175537
yolo11n,10%,2,0.03057035803794861,0.8008534850640113,0.9743460764587525,0.89738430583501,phone_use,446,497,3.5367508078775534,20.545275926589966
yolo11n,20%,0,0.04456818848848343,0.8008849557522124,0.9479376257545272,0.8631790744466801,phone_use,429,497,2.040271934638138,21.19291853904724
yolo11n,20%,1,0.03867051750421524,0.8002793296089385,0.9630281690140846,0.9235412474849095,phone_use,459,497,0.6066703249801852,20.605600357055664
yolo11n,20%,2,0.04865771532058716,0.8,0.9445422535211269,0.8853118712273642,phone_use,440,497,0.556368514114991,20.532198905944824
yolo11n,30%,0,0.04519371688365936,0.8003048780487805,0.9309607645875253,0.8309859154929577,phone_use,413,497,0.34258581793794596,20.69731855392456
yolo11n,30%,1,0.04157629609107971,0.8002873563218391,0.9425930583501005,0.8953722334004024,phone_use,445,497,-1.4368407414182216,20.712772369384766
yolo11n,30%,2,0.07734207808971405,0.8008658008658008,0.9455482897384306,0.8893360160965795,phone_use,442,497,0.6569721358453684,20.70418071746826
yolo11n,40%,0,0.049111220985651016,0.8002832861189801,0.9488198128162917,0.9094567404426559,phone_use,452,497,2.1284906408145843,20.868651628494263
yolo11n,40%,1,0.043581631034612656,0.8002894356005789,0.9490065392354124,0.8853118712273642,phone_use,440,497,-0.795492652887031,20.837732791900635
yolo11n,40%,2,0.027121657505631447,0.8008658008658008,0.9500125754527162,0.8893360160965795,phone_use,442,497,1.1034007072739271,20.32564926147461
yolo11n,50%,0,0.09536706656217575,0.8008534850640113,0.9562393299189074,0.903420523138833,phone_use,449,497,2.8704423510761523,20.19155788421631
yolo11n,50%,1,0.05968473106622696,0.8008474576271186,0.9515845070422535,0.9134808853118712,phone_use,454,497,-0.5376958722029257,19.331337451934814
yolo11n,50%,2,0.059986669570207596,0.8008784773060029,0.9394187092250472,0.8772635814889336,phone_use,436,497,0.04401408450702693,19.42146372795105
yolo26n,0%,0,0.051320239901542664,0.8008595988538681,0.952874443631486,0.8953722334004024,phone_use,445,497,0.0,20.68574023246765
yolo26n,0%,1,0.04045842960476875,0.8008658008658008,0.9437896317297727,0.8893360160965795,phone_use,442,497,0.0,20.315478086471558
yolo26n,0%,2,0.027371905744075775,0.8,0.9522780623132736,0.9054325955734407,phone_use,450,497,0.0,20.354711532592773
yolo26n,10%,0,0.017421094700694084,0.8005865102639296,0.9242671940735321,0.8772635814889336,phone_use,436,497,-2.8607249557953907,20.125951528549194
yolo26n,10%,1,0.012711811810731888,0.8008784773060029,0.9021991799280532,0.8484848484848485,yawning,28,33,-4.159045180171949,19.865933418273926
yolo26n,10%,2,0.03640212118625641,0.8008784773060029,0.9384126730077433,0.8732394366197183,phone_use,434,497,-1.3865389305530273,20.06820797920227
yolo26n,20%,0,0.015940455719828606,0.8008474576271186,0.9246463630266447,0.8484848484848485,yawning,28,33,-2.8228080604841277,19.98774552345276
yolo26n,20%,1,0.015768907964229584,0.8002853067047075,0.9397350009145784,0.903420523138833,phone_use,449,497,-0.40546308151943045,19.569874048233032
yolo26n,20%,2,0.026315229013562202,0.8002853067047075,0.9512720260959698,0.9014084507042254,phone_use,448,497,-0.1006036217303774,20.383835792541504
yolo26n,30%,0,0.010708012618124485,0.837138508371385,0.9302405341137735,0.8832997987927566,phone_use,439,497,-2.263390951771249,20.46204113960266
yolo26n,30%,1,0.014433003962039948,0.8,0.9389785683799768,0.8933601609657947,phone_use,444,497,-0.4811063349795863,20.614863634109497
yolo26n,30%,2,0.040108125656843185,0.800599700149925,0.9111582373026035,0.8551307847082495,phone_use,425,497,-4.111982501067013,19.356863975524902
yolo26n,40%,0,0.051794346421957016,0.8003003003003003,0.9287619657337968,0.8470824949698189,phone_use,421,497,-2.411247789768922,20.053946018218994
yolo26n,40%,1,0.021832354366779327,0.8002832861189801,0.9558925522833974,0.9074446680080482,phone_use,451,497,1.2102920553624719,20.36692237854004
yolo26n,40%,2,0.04759233817458153,0.8008849557522124,0.9532517072129748,0.8611670020120724,phone_use,428,497,0.09736448997011982,20.37357497215271
yolo26n,50%,0,0.09290248155593872,0.8005865102639296,0.9282284616791658,0.8752515090543259,phone_use,435,497,-2.464598195232015,19.81444239616394
yolo26n,50%,1,0.0426236130297184,0.8008720930232558,0.9519617706237425,0.8792756539235412,phone_use,437,497,0.8172138893969838,19.76469397544861
yolo26n,50%,2,0.05394719913601875,0.8002980625931445,0.9188902353515029,0.8611670020120724,phone_use,428,497,-3.3387826961770672,20.37806749343872
