arch,condition,ratio,seed,phone_rec,phone_ci_lo,phone_ci_hi,d_phone_lo,d_phone_hi,d_phone_sig,yawn_rec,yawn_ci_lo,yawn_ci_hi,d_yawn_lo,d_yawn_hi,d_yawn_sig,macro_rec,macro_ci_lo,macro_ci_hi,d_macro_lo,d_macro_hi,d_macro_sig
YOLO11N,Baseline,0%,0,0.8538443946163411,0.55,1.0,0.0,0.0,Baseline,0.9219116037302417,0.7857142857142857,1.0,0.0,0.0,Baseline,0.8935674715785058,0.7640096720224008,0.9758734405860718,0.0,0.0,Baseline
YOLO11N,Baseline,0%,1,0.8436832028986602,0.55625,0.9841269841269841,0.0,0.0,Baseline,0.8373905387478122,0.6666666666666666,1.0,0.0,0.0,Baseline,0.879119353594201,0.748698310658506,0.9552074114564353,0.0,0.0,Baseline
YOLO11N,Baseline,0%,2,0.859742042911808,0.575,1.0,0.0,0.0,Baseline,0.8709937020822729,0.6923076923076923,1.0,0.0,0.0,Baseline,0.9029945231960083,0.7928721554869418,0.9705149856863566,0.0,0.0,Baseline
YOLO11N,Pruned 10%,10%,0,0.8199355931646263,0.475,0.9864864864864865,-7.500000000000007,-0.6756756756756688,CI excludes 0,0.888308440395781,0.7740255376344086,1.0,-12.0,0.0,CI includes 0,0.8581574815604586,0.7140980877294696,0.9517993672651466,-6.2873320404174375,-1.0616115303615457,CI excludes 0
YOLO11N,Pruned 10%,10%,1,0.8170999335047493,0.5,0.9894179894179894,-5.625000000000002,0.5291005291005346,CI includes 0,0.8373905387478122,0.6666666666666666,1.0,0.0,0.0,CI includes 0,0.8817578930541533,0.7450223408559721,0.9570235229134502,-1.0803811574192383,1.5628020706145687,CI includes 0
YOLO11N,Pruned 10%,10%,2,0.8519474760994887,0.55625,0.9932432432432432,-1.8749999999999933,0.6756756756756688,CI includes 0,0.888308440395781,0.7740255376344086,1.0,-8.357843137254905,19.999999999999996,CI includes 0,0.9038266736979679,0.7871782640242821,0.9802216043644115,-3.7057321833751447,5.153063165905605,CI includes 0
YOLO11N,Pruned 20%,20%,0,0.823728758564337,0.48125,0.9894179894179894,-6.8750000000000036,-1.0582010582010581,CI excludes 0,0.9143379058190338,0.8371855719031799,1.0,-12.0,7.14285714285714,CI includes 0,0.8942414542226909,0.7814273685554921,0.9661091171973453,-3.538945240583169,4.4206681854140735,CI includes 0
YOLO11N,Pruned 20%,20%,1,0.8618465258075645,0.59375,0.9894179894179894,0.5291005291005346,3.749999999999998,CI excludes 0,0.8894494695943178,0.7272727272727273,1.0,0.0,14.28571428571428,CI includes 0,0.9083128535563904,0.8130469936567498,0.9645546036147071,-0.7985257985257954,9.056078785796853,CI includes 0
YOLO11N,Pruned 20%,20%,2,0.839839489672211,0.50625,1.0,-6.874999999999998,0.6756756756756688,CI includes 0,0.8671734669805835,0.7272727272727273,1.0,-9.999999999999998,7.14285714285714,CI includes 0,0.8875640958665545,0.7714446465521119,0.9591861035230842,-5.497598039215699,1.0578496598963159,CI includes 0
YOLO11N,Pruned 30%,30%,0,0.8118290081499571,0.4375,0.9894179894179894,-11.250000000000004,-0.6756756756756688,CI excludes 0,1.0,1.0,1.0,0.0,21.42857142857143,CI includes 0,0.8996396576393632,0.7818501420454546,0.9728333543918035,-2.67857142857143,4.790384080459867,CI includes 0
YOLO11N,Pruned 30%,30%,1,0.8557406414991996,0.5625,1.0,0.6249999999999978,1.5873015873015928,CI excludes 0,0.8595997690693756,0.7,0.9444444444444444,-9.999999999999998,14.28571428571428,CI includes 0,0.8875410120793583,0.7729166475885226,0.9526021777621642,-2.34375,3.8502701781461,CI includes 0
YOLO11N,Pruned 30%,30%,2,0.8251034079639602,0.50625,1.0,-6.874999999999998,0.0,CI includes 0,1.0,1.0,1.0,0.0,30.76923076923077,CI includes 0,0.920503937678746,0.810413115530303,0.9864864864864865,-2.643050098231825,5.214799869005791,CI includes 0
YOLO11N,Pruned 40%,40%,0,0.843839547816832,0.55625,0.9797297297297297,-2.1164021164021163,0.6249999999999978,CI includes 0,0.8400029723587938,0.6428571428571429,1.0,-15.384615384615385,0.0,CI includes 0,0.8954176242777404,0.7890008709940537,0.9707415459028362,-2.2833312900872613,4.050925925925908,CI includes 0
YOLO11N,Pruned 40%,40%,1,0.8373165198486777,0.53125,1.0,-2.500000000000002,1.5873015873015928,CI includes 0,0.9490820983520312,0.75,1.0,0.0,22.597446236559126,CI includes 0,0.8968117218570302,0.7774517140468227,0.9676149809729419,-1.6964285714285654,4.507234385717954,CI includes 0
YOLO11N,Pruned 40%,40%,2,0.8400470540511149,0.53125,0.9932432432432432,-4.374999999999996,0.6756756756756688,CI includes 0,0.9479410691534944,0.8571428571428571,1.0,0.0,25.0,CI includes 0,0.9128739920804001,0.8132494091386555,0.9797597588300438,-3.7462251854010837,5.115372424096535,CI includes 0
YOLO11N,Pruned 50%,50%,0,0.8573754180064466,0.6,0.9947089947089947,-3.378378378378377,4.999999999999993,CI includes 0,0.8920619032052994,0.78125,1.0,-9.999999999999998,0.0,CI includes 0,0.9122965682457043,0.820520730277575,0.9735274199595348,-1.3619781787441008,6.496284079395758,CI includes 0
YOLO11N,Pruned 50%,50%,1,0.8477378386739822,0.5375,1.0,-1.8750000000000044,1.5873015873015928,CI includes 0,0.8373905387478122,0.6666666666666666,1.0,0.0,0.0,CI includes 0,0.8683840229630186,0.7193080907721369,0.9561130952380953,-5.257092315036725,0.3846792035398213,CI includes 0
YOLO11N,Pruned 50%,50%,2,0.8379425711553588,0.5125,0.9932432432432432,-6.25,0.6756756756756688,CI includes 0,0.863420004171065,0.7142857142857143,1.0,-12.0,7.14285714285714,CI includes 0,0.8909921474103378,0.7837812930732712,0.9589158169145752,-4.371211820362154,1.2671070924371048,CI includes 0
YOLO26N,Baseline,0%,0,0.8536873780641754,0.56875,0.9947089947089947,0.0,0.0,Baseline,0.8815524786824135,0.7823671497584541,1.0,0.0,0.0,Baseline,0.8971324638810776,0.781147442513226,0.9638774896903629,0.0,0.0,Baseline
YOLO26N,Baseline,0%,1,0.8479460746868802,0.54375,0.9932432432432432,0.0,0.0,Baseline,0.8122455818145705,0.6153846153846154,1.0,0.0,0.0,Baseline,0.8941917796753761,0.7789921016483516,0.9683237102630144,0.0,0.0,Baseline
YOLO26N,Baseline,0%,2,0.8486414384171087,0.61875,0.9947089947089947,0.0,0.0,Baseline,0.7747554110862496,0.5882352941176471,0.9167792792792792,0.0,0.0,Baseline,0.8749988886765512,0.7708241767429618,0.9419199423123916,0.0,0.0,Baseline
YOLO26N,Pruned 10%,10%,0,0.8190487431163277,0.5,0.9947089947089947,-6.874999999999998,0.0,CI includes 0,0.834454812136134,0.6990909090909091,0.9285714285714286,-25.0,7.692307692307699,CI includes 0,0.8626653831353326,0.7298821801212193,0.9442126874144988,-9.785824572070942,2.0348144201130944,CI includes 0
YOLO26N,Pruned 10%,10%,1,0.8297308606832499,0.5,0.9894179894179894,-4.374999999999996,0.0,CI includes 0,0.6265917338280628,0.5,0.7144688644688643,-28.57142857142857,-7.9999999999999964,CI excludes 0,0.8213381309289361,0.6919433460936071,0.8968835491629493,-11.957088500563696,-4.049073038663509,CI excludes 0
YOLO26N,Pruned 10%,10%,2,0.8357336344361566,0.5,1.0,-11.875000000000002,7.432432432432434,CI includes 0,0.7554819073763644,0.5547008547008547,0.9285714285714286,-22.59744623655914,21.763285024154566,CI includes 0,0.8466960622087941,0.6917379218370993,0.9313974473802059,-10.779328389568171,3.8685061048663125,CI includes 0
YOLO26N,Pruned 20%,20%,0,0.8779565852814445,0.6375,0.9932432432432432,-0.5291005291005235,6.874999999999998,CI includes 0,0.7189430174302257,0.6,0.8333333333333334,-33.333333333333336,0.0,CI includes 0,0.8612577486454259,0.7343629423081378,0.9249563073092485,-8.68074389814081,0.4514972024163192,CI includes 0
YOLO26N,Pruned 20%,20%,1,0.8558969864173713,0.5625,0.9947089947089947,0.0,1.8750000000000044,CI includes 0,0.8333137829375973,0.7016666666666667,1.0,-8.016666666666662,25.0,CI includes 0,0.9016454500990505,0.8016739063202879,0.968538279657274,-1.9536926529754328,6.25,CI includes 0
YOLO26N,Pruned 20%,20%,2,0.8375773185902953,0.525,0.9947089947089947,-9.375,6.081081081081086,CI includes 0,0.722763252531915,0.5451048951048951,0.8571428571428571,-22.59744623655914,18.181818181818187,CI includes 0,0.8329191685796912,0.6948106572481572,0.9158420157296306,-12.587656462072093,2.5455343683649985,CI includes 0
YOLO26N,Pruned 30%,30%,0,0.8119502116682307,0.5375,1.0,-10.81081081081081,0.5291005291005346,CI includes 0,0.6592436163803412,0.47058823529411764,0.8333333333333334,-37.5,-8.333333333333325,CI excludes 0,0.8207561363093957,0.6727638700556504,0.9034809901500725,-12.40000952239004,-3.711244577495845,CI excludes 0
YOLO26N,Pruned 30%,30%,1,0.8357855255308827,0.50625,0.9947089947089947,-3.749999999999998,0.5291005291005235,CI includes 0,0.8566640424576974,0.6470588235294118,0.9833333333333333,-19.999999999999996,28.57142857142857,CI includes 0,0.8788622644206303,0.7589932126696832,0.9464354768487273,-7.006880059588885,2.2250797145693273,CI includes 0
YOLO26N,Pruned 30%,30%,2,0.8184739112703787,0.54375,0.9894179894179894,-7.500000000000007,-0.5291005291005235,CI excludes 0,0.7710019482767312,0.625,0.8333333333333334,-12.0,9.117132867132845,CI includes 0,0.8711611967905181,0.7674727564102563,0.9383734479264906,-3.626382633074123,2.255153801204639,CI includes 0
YOLO26N,Pruned 40%,40%,0,0.78315666228713,0.50625,0.9947089947089947,-16.216216216216218,0.0,CI includes 0,0.8189347712357673,0.5592727272727274,1.0,-36.123076923076916,19.999999999999996,CI includes 0,0.8392943643681687,0.6219148140254162,0.9465843907490408,-18.881129444217496,2.683183009559053,CI includes 0
YOLO26N,Pruned 40%,40%,1,0.8438927821795456,0.525,0.9947089947089947,-1.8749999999999933,0.5291005291005235,CI includes 0,0.7449724828534784,0.625,0.8333333333333334,-22.22222222222222,6.985049833887037,CI includes 0,0.8802116103398505,0.7702804383116884,0.9391951649529515,-5.882520919342774,2.18913752112601,CI includes 0
YOLO26N,Pruned 40%,40%,2,0.8197280287857225,0.45,1.0,-16.875,7.432432432432434,CI includes 0,0.8844882052940917,0.8371855719031799,1.0,-5.5555555555555465,33.43137254901952,CI includes 0,0.8803674933632042,0.7492514040593672,0.9589807706230328,-6.029187570007077,8.073286679536674,CI includes 0
YOLO26N,Pruned 50%,50%,0,0.8397350358487651,0.5125,1.0,-5.625000000000002,0.6756756756756799,CI includes 0,0.8034640824126552,0.6923076923076923,1.0,-21.42857142857143,0.0,CI includes 0,0.8761842784689353,0.7675395698051948,0.954418760674809,-6.249387285006166,3.2290077805751123,CI includes 0
YOLO26N,Pruned 50%,50%,1,0.8438408910848197,0.51875,1.0,-2.499999999999991,1.0582010582010581,CI includes 0,0.829493547835908,0.75,1.0,-16.666666666666664,25.0,CI includes 0,0.8833804188869969,0.7767433427535474,0.9551077553499506,-8.446075120531644,4.749141375373959,CI includes 0
YOLO26N,Pruned 50%,50%,2,0.8237806496590632,0.4875,0.9841269841269841,-13.125000000000004,6.756756756756754,CI includes 0,0.8171483340408284,0.5,1.0,-19.999999999999996,28.57142857142857,CI includes 0,0.8608560367230146,0.7120398179314565,0.9596528314427547,-10.963351771996145,6.689189189189193,CI includes 0
