arch,condition,ratio,seed,target_p,tau_oracle,test_prec,macro_rec,phone_rec,yawn_rec,is_feasible
YOLO11N,Baseline,0%,0,85,0.19907653331756592,0.8508634222919937,0.9200525120419487,0.8712273641851107,0.9696969696969697,True
YOLO11N,Baseline,0%,0,90,0.366497278213501,0.9010238907849829,0.8949035119809767,0.8490945674044266,0.9090909090909091,True
YOLO11N,Baseline,0%,0,95,0.5813807249069214,0.9502868068833652,0.831559432351686,0.8008048289738431,0.7575757575757576,True
YOLO11N,Baseline,0%,1,85,0.03260286524891853,0.8507462686567164,0.9473736357539175,0.9215291750503019,0.9393939393939394,True
YOLO11N,Baseline,0%,1,90,0.10047374665737152,0.9008,0.9398912413877203,0.9094567404426559,0.9393939393939394,True
YOLO11N,Baseline,0%,1,95,0.5113580226898193,0.9508506616257089,0.8509256295347845,0.806841046277666,0.7575757575757576,True
YOLO11N,Baseline,0%,2,85,0.1288960874080658,0.8511627906976744,0.9288877202609598,0.8832997987927566,0.9393939393939394,True
YOLO11N,Baseline,0%,2,90,0.32953688502311707,0.9010067114093959,0.9157787634900311,0.8611670020120724,0.9090909090909091,True
YOLO11N,Baseline,0%,2,95,0.6129335761070251,0.9508506616257089,0.8553899152490702,0.806841046277666,0.7575757575757576,True
YOLO11N,Pruned 10%,10%,0,85,0.1674928367137909,0.8511326860841424,0.8978587433693067,0.8430583501006036,0.9090909090909091,True
YOLO11N,Pruned 10%,10%,0,90,0.3862675130367279,0.9008849557522124,0.8614223218096457,0.8169014084507042,0.8787878787878788,True
YOLO11N,Pruned 10%,10%,0,95,0.5557801723480225,0.9503968253968254,0.8025425278946405,0.7686116700201208,0.7272727272727273,True
YOLO11N,Pruned 10%,10%,1,85,0.05392758920788765,0.8504672897196262,0.9423739406133773,0.8712273641851107,0.9696969696969697,True
YOLO11N,Pruned 10%,10%,1,90,0.2464684247970581,0.9003436426116839,0.9100893238217181,0.8329979879275654,0.8787878787878788,True
YOLO11N,Pruned 10%,10%,1,95,0.5620567798614502,0.9504950495049505,0.8512400158526919,0.7545271629778671,0.7575757575757576,True
YOLO11N,Pruned 10%,10%,2,85,0.09977706521749496,0.8511627906976744,0.9518055301506005,0.8732394366197183,0.9696969696969697,True
YOLO11N,Pruned 10%,10%,2,90,0.2686760127544403,0.9011725293132329,0.9228515029571367,0.8591549295774648,0.9393939393939394,True
YOLO11N,Pruned 10%,10%,2,95,0.5422679781913757,0.9510869565217391,0.9021667886104506,0.8370221327967807,0.8787878787878788,True
YOLO11N,Pruned 20%,20%,0,85,0.13315214216709137,0.8510301109350238,0.9325326961770624,0.8551307847082495,1.0,True
YOLO11N,Pruned 20%,20%,0,90,0.3411836624145508,0.9008695652173913,0.901757133711359,0.8229376257545271,0.9090909090909091,True
YOLO11N,Pruned 20%,20%,0,95,0.6160669326782227,0.9514563106796117,0.8412749222608378,0.7806841046277666,0.7272727272727273,True
YOLO11N,Pruned 20%,20%,1,85,0.07351908832788467,0.8509036144578314,0.9590040241448693,0.9074446680080482,1.0,True
YOLO11N,Pruned 20%,20%,1,90,0.17217321693897247,0.9,0.9515216297786719,0.8953722334004024,1.0,True
YOLO11N,Pruned 20%,20%,1,95,0.5231660604476929,0.9507299270072993,0.9077304737516005,0.8289738430583501,0.9090909090909091,True
YOLO11N,Pruned 20%,20%,2,85,0.12740188837051392,0.8501577287066246,0.9309302786415463,0.8611670020120724,0.9696969696969697,True
YOLO11N,Pruned 20%,20%,2,90,0.32382723689079285,0.9003436426116839,0.8982055210048168,0.8390342052313883,0.8787878787878788,True
YOLO11N,Pruned 20%,20%,2,95,0.6216524243354797,0.95,0.8358674775928296,0.7947686116700201,0.7272727272727273,True
YOLO11N,Pruned 30%,30%,0,85,0.11009068042039871,0.851063829787234,0.9244844064386317,0.8229376257545271,1.0,True
YOLO11N,Pruned 30%,30%,0,90,0.31768563389778137,0.9014084507042254,0.9125377263581489,0.8108651911468813,1.0,True
YOLO11N,Pruned 30%,30%,0,95,0.6165730357170105,0.9506903353057199,0.8324397140418267,0.7686116700201208,0.7575757575757576,True
YOLO11N,Pruned 30%,30%,1,85,0.07937522232532501,0.8500772797527048,0.9319991921224315,0.8832997987927566,0.9696969696969697,True
YOLO11N,Pruned 30%,30%,1,90,0.25587788224220276,0.9008403361344538,0.9139229315285653,0.8591549295774648,0.9393939393939394,True
YOLO11N,Pruned 30%,30%,1,95,0.5195555090904236,0.9504587155963303,0.8655436406316688,0.8350100603621731,0.7878787878787878,True
YOLO11N,Pruned 30%,30%,2,85,0.13941159844398499,0.8506998444790047,0.9415241448692153,0.8732394366197183,1.0,True
YOLO11N,Pruned 30%,30%,2,90,0.22243595123291016,0.9013377926421404,0.9375,0.8571428571428571,1.0,True
YOLO11N,Pruned 30%,30%,2,95,0.5241180658340454,0.9501915708812261,0.8898409395768552,0.7806841046277666,0.9393939393939394,True
YOLO11N,Pruned 40%,40%,0,85,0.13605204224586487,0.8501529051987767,0.9372199103713188,0.8933601609657947,0.9090909090909091,True
YOLO11N,Pruned 40%,40%,0,90,0.3255976140499115,0.9,0.9025764435095421,0.8511066398390342,0.8484848484848485,True
YOLO11N,Pruned 40%,40%,0,95,0.6215707063674927,0.9502982107355865,0.7861353728431193,0.7706237424547284,0.6060606060606061,True
YOLO11N,Pruned 40%,40%,1,85,0.10737859457731247,0.8506998444790047,0.9380658953722334,0.8772635814889336,1.0,True
YOLO11N,Pruned 40%,40%,1,90,0.2658439874649048,0.9005059021922428,0.9191398390342053,0.8551307847082495,1.0,True
YOLO11N,Pruned 40%,40%,1,95,0.5469988584518433,0.9510763209393346,0.8136394122309615,0.7826961770623743,0.7575757575757576,True
YOLO11N,Pruned 40%,40%,2,85,0.05748637765645981,0.8509316770186336,0.9464914486921528,0.8752515090543259,1.0,True
YOLO11N,Pruned 40%,40%,2,90,0.18050909042358398,0.9013377926421404,0.9419642857142857,0.8571428571428571,1.0,True
YOLO11N,Pruned 40%,40%,2,95,0.49873635172843933,0.95,0.8706043076641669,0.8249496981891348,0.8181818181818182,True
YOLO11N,Pruned 50%,50%,0,85,0.1971159130334854,0.8500772797527048,0.9417775592951649,0.8812877263581489,0.9393939393939394,True
YOLO11N,Pruned 50%,50%,0,90,0.44134554266929626,0.9008547008547009,0.8997145753307725,0.8450704225352113,0.8787878787878788,True
YOLO11N,Pruned 50%,50%,0,95,0.6787020564079285,0.9503239740820735,0.7388269007987318,0.704225352112676,0.3939393939393939,True
YOLO11N,Pruned 50%,50%,1,85,0.1408165991306305,0.8512269938650306,0.9345142826656911,0.8933601609657947,0.9696969696969697,True
YOLO11N,Pruned 50%,50%,1,90,0.3247477412223816,0.9003378378378378,0.8898428449484788,0.8591549295774648,0.8787878787878788,True
YOLO11N,Pruned 50%,50%,1,95,0.5423461198806763,0.9512670565302144,0.8044612371196878,0.7887323943661971,0.696969696969697,True
YOLO11N,Pruned 50%,50%,2,85,0.13055506348609924,0.8501577287066246,0.9198962715688068,0.8651911468812877,0.9393939393939394,True
YOLO11N,Pruned 50%,50%,2,90,0.24481752514839172,0.9008547008547009,0.8997145753307725,0.8450704225352113,0.8787878787878788,True
YOLO11N,Pruned 50%,50%,2,95,0.5733615159988403,0.9505703422053232,0.8158115358819584,0.8108651911468813,0.6666666666666666,True
YOLO26N,Baseline,0%,0,85,0.12568582594394684,0.8500772797527048,0.9373132735808793,0.8812877263581489,0.9393939393939394,True
YOLO26N,Baseline,0%,0,90,0.25210341811180115,0.9011725293132329,0.9087060240229254,0.8631790744466801,0.8787878787878788,True
YOLO26N,Baseline,0%,0,95,0.5456961989402771,0.9514018691588785,0.8481266386195964,0.8189134808853119,0.7878787878787878,True
YOLO26N,Baseline,0%,1,85,0.0755055621266365,0.8500772797527048,0.9412745411865131,0.8792756539235412,0.9393939393939394,True
YOLO26N,Baseline,0%,1,90,0.18978197872638702,0.9006622516556292,0.9311836930674958,0.869215291750503,0.9090909090909091,True
YOLO26N,Baseline,0%,1,95,0.517820417881012,0.9511278195488722,0.8223850679836595,0.8209255533199196,0.5757575757575758,True
YOLO26N,Baseline,0%,2,85,0.06781010329723358,0.851063829787234,0.9392319828059265,0.9014084507042254,0.9090909090909091,True
YOLO26N,Baseline,0%,2,90,0.15591855347156525,0.9008130081300812,0.9251798670812755,0.8933601609657947,0.8787878787878788,True
YOLO26N,Baseline,0%,2,95,0.42933189868927,0.9507299270072993,0.8794395158831778,0.8370221327967807,0.7878787878787878,True
YOLO26N,Pruned 10%,10%,0,85,0.047662097960710526,0.8501577287066246,0.9057507926345955,0.869215291750503,0.8787878787878788,True
YOLO26N,Pruned 10%,10%,0,90,0.17419958114624023,0.9003436426116839,0.8787459606121577,0.8450704225352113,0.8484848484848485,True
YOLO26N,Pruned 10%,10%,0,95,0.503434956073761,0.9507575757575758,0.8464613438204988,0.806841046277666,0.7575757575757576,True
YOLO26N,Pruned 10%,10%,1,85,0.032409943640232086,0.8512658227848101,0.897672016950186,0.8672032193158954,0.8484848484848485,True
YOLO26N,Pruned 10%,10%,1,90,0.10051310062408447,0.9005145797598628,0.8769873026034998,0.8450704225352113,0.7878787878787878,True
YOLO26N,Pruned 10%,10%,1,95,0.39554134011268616,0.9509433962264151,0.8200262179135418,0.8169014084507042,0.6060606060606061,True
YOLO26N,Pruned 10%,10%,2,85,0.0895247533917427,0.8503937007874016,0.9238575391744406,0.8631790744466801,0.9393939393939394,True
YOLO26N,Pruned 10%,10%,2,90,0.26120391488075256,0.9001721170395869,0.8706671849277483,0.8430583501006036,0.8181818181818182,True
YOLO26N,Pruned 10%,10%,2,95,0.5772649645805359,0.9512670565302144,0.7687507621486496,0.8028169014084507,0.5757575757575758,True
YOLO26N,Pruned 20%,20%,0,85,0.05323514714837074,0.851063829787234,0.9171639686604476,0.9094567404426559,0.8484848484848485,True
YOLO26N,Pruned 20%,20%,0,90,0.1604675054550171,0.9013157894736842,0.8885567191024938,0.8913480885311871,0.7878787878787878,True
YOLO26N,Pruned 20%,20%,0,95,0.4812459647655487,0.9512635379061372,0.8364657642826657,0.8631790744466801,0.696969696969697,True
YOLO26N,Pruned 20%,20%,1,85,0.0421314463019371,0.8505392912172574,0.9352078379367111,0.8853118712273642,0.9090909090909091,True
YOLO26N,Pruned 20%,20%,1,90,0.1407313346862793,0.9006622516556292,0.9311836930674958,0.869215291750503,0.9090909090909091,True
YOLO26N,Pruned 20%,20%,1,95,0.5396021008491516,0.9506398537477148,0.8519011798061095,0.8410462776659959,0.7272727272727273,True
YOLO26N,Pruned 20%,20%,2,85,0.07152514159679413,0.8500772797527048,0.9231677946466679,0.8853118712273642,0.8787878787878788,True
YOLO26N,Pruned 20%,20%,2,90,0.220024973154068,0.9005059021922428,0.8775531979757332,0.8651911468812877,0.7878787878787878,True
YOLO26N,Pruned 20%,20%,2,95,0.4812619686126709,0.9512195121951219,0.8255556063654655,0.8249496981891348,0.7272727272727273,True
YOLO26N,Pruned 30%,30%,0,85,0.01569860242307186,0.8500772797527048,0.9302405341137735,0.8832997987927566,0.9090909090909091,True
YOLO26N,Pruned 30%,30%,0,90,0.07622037827968597,0.9001692047377327,0.8920454545454546,0.8571428571428571,0.8181818181818182,True
YOLO26N,Pruned 30%,30%,0,95,0.48555248975753784,0.9516441005802708,0.8171014724711908,0.7927565392354124,0.6363636363636364,True
YOLO26N,Pruned 30%,30%,1,85,0.03609764575958252,0.8509316770186336,0.9194561307237363,0.8812877263581489,0.9393939393939394,True
YOLO26N,Pruned 30%,30%,1,90,0.09458701312541962,0.9,0.9083592463874155,0.8672032193158954,0.9090909090909091,True
YOLO26N,Pruned 30%,30%,1,95,0.4020795524120331,0.9505494505494505,0.8686551124931406,0.8350100603621731,0.8181818181818182,True
YOLO26N,Pruned 30%,30%,2,85,0.1075282171368599,0.8504065040650407,0.8985522986403268,0.8350100603621731,0.8484848484848485,True
YOLO26N,Pruned 30%,30%,2,90,0.35209646821022034,0.9,0.8793766386195964,0.8189134808853119,0.7878787878787878,True
YOLO26N,Pruned 30%,30%,2,95,0.7983487248420715,0.9507042253521126,0.7194245015547833,0.635814889336016,0.5454545454545454,True
YOLO26N,Pruned 40%,40%,0,85,0.130904883146286,0.8508196721311475,0.8991486799585391,0.8249496981891348,0.8787878787878788,True
YOLO26N,Pruned 40%,40%,0,90,0.32357481122016907,0.9005424954792043,0.8580917322114505,0.7927565392354124,0.8181818181818182,True
YOLO26N,Pruned 40%,40%,0,95,0.7082065939903259,0.9503386004514672,0.6672382781537711,0.6841046277665996,0.48484848484848486,True
YOLO26N,Pruned 40%,40%,1,85,0.05824723839759827,0.8512269938650306,0.9437896317297727,0.8893360160965795,0.9393939393939394,True
YOLO26N,Pruned 40%,40%,1,90,0.16801908612251282,0.9003322259136213,0.9160321779159807,0.869215291750503,0.8484848484848485,True
YOLO26N,Pruned 40%,40%,1,95,0.5828912854194641,0.9514018691588785,0.8477207944637523,0.8189134808853119,0.696969696969697,True
YOLO26N,Pruned 40%,40%,2,85,0.09979337453842163,0.8501577287066246,0.9441668953112615,0.8551307847082495,0.9393939393939394,True
YOLO26N,Pruned 40%,40%,2,90,0.26145675778388977,0.9005145797598628,0.9066310743247363,0.8370221327967807,0.8787878787878788,True
YOLO26N,Pruned 40%,40%,2,95,0.6928336024284363,0.9507186858316222,0.7658565026522772,0.7484909456740443,0.6363636363636364,True
YOLO26N,Pruned 50%,50%,0,85,0.15628394484519958,0.8500797448165869,0.9075437473324797,0.8531187122736419,0.8484848484848485,True
YOLO26N,Pruned 50%,50%,0,90,0.2682740390300751,0.9010238907849829,0.8971061215779526,0.8470824949698189,0.8484848484848485,True
YOLO26N,Pruned 50%,50%,0,95,0.5116259455680847,0.9502868068833652,0.8103412139503688,0.806841046277666,0.6666666666666666,True
YOLO26N,Pruned 50%,50%,1,85,0.09781862050294876,0.8510301109350238,0.9409582494969819,0.8531187122736419,1.0,True
YOLO26N,Pruned 50%,50%,1,90,0.24240592122077942,0.9013605442176871,0.9082963691238339,0.8490945674044266,0.9090909090909091,True
YOLO26N,Pruned 50%,50%,1,95,0.47607260942459106,0.9503676470588235,0.8553594293030913,0.8370221327967807,0.7272727272727273,True
YOLO26N,Pruned 50%,50%,2,85,0.12519049644470215,0.8502415458937198,0.9033290653008963,0.8470824949698189,0.9090909090909091,True
YOLO26N,Pruned 50%,50%,2,90,0.31015443801879883,0.9001751313485113,0.8742187976342906,0.8269617706237424,0.8484848484848485,True
YOLO26N,Pruned 50%,50%,2,95,0.5066977143287659,0.9513618677042801,0.8285413236997743,0.7887323943661971,0.7575757575757576,True
