arch,condition,ratio,seed,class,tp,gt,recall
YOLO11N,Baseline,0%,0,phone_use,424,497,0.8531187122736419
YOLO11N,Baseline,0%,0,yawning,30,33,0.9090909090909091
YOLO11N,Baseline,0%,1,phone_use,419,497,0.8430583501006036
YOLO11N,Baseline,0%,1,yawning,28,33,0.8484848484848485
YOLO11N,Baseline,0%,2,phone_use,427,497,0.8591549295774648
YOLO11N,Baseline,0%,2,yawning,29,33,0.8787878787878788
YOLO11N,Pruned 10%,10%,0,phone_use,407,497,0.8189134808853119
YOLO11N,Pruned 10%,10%,0,yawning,29,33,0.8787878787878788
YOLO11N,Pruned 10%,10%,1,phone_use,406,497,0.8169014084507042
YOLO11N,Pruned 10%,10%,1,yawning,28,33,0.8484848484848485
YOLO11N,Pruned 10%,10%,2,phone_use,423,497,0.8511066398390342
YOLO11N,Pruned 10%,10%,2,yawning,29,33,0.8787878787878788
YOLO11N,Pruned 20%,20%,0,phone_use,409,497,0.8229376257545271
YOLO11N,Pruned 20%,20%,0,yawning,30,33,0.9090909090909091
YOLO11N,Pruned 20%,20%,1,phone_use,428,497,0.8611670020120724
YOLO11N,Pruned 20%,20%,1,yawning,30,33,0.9090909090909091
YOLO11N,Pruned 20%,20%,2,phone_use,417,497,0.8390342052313883
YOLO11N,Pruned 20%,20%,2,yawning,29,33,0.8787878787878788
YOLO11N,Pruned 30%,30%,0,phone_use,403,497,0.8108651911468813
YOLO11N,Pruned 30%,30%,0,yawning,33,33,1.0
YOLO11N,Pruned 30%,30%,1,phone_use,425,497,0.8551307847082495
YOLO11N,Pruned 30%,30%,1,yawning,29,33,0.8787878787878788
YOLO11N,Pruned 30%,30%,2,phone_use,410,497,0.8249496981891348
YOLO11N,Pruned 30%,30%,2,yawning,33,33,1.0
YOLO11N,Pruned 40%,40%,0,phone_use,419,497,0.8430583501006036
YOLO11N,Pruned 40%,40%,0,yawning,27,33,0.8181818181818182
YOLO11N,Pruned 40%,40%,1,phone_use,416,497,0.8370221327967807
YOLO11N,Pruned 40%,40%,1,yawning,32,33,0.9696969696969697
YOLO11N,Pruned 40%,40%,2,phone_use,417,497,0.8390342052313883
YOLO11N,Pruned 40%,40%,2,yawning,31,33,0.9393939393939394
YOLO11N,Pruned 50%,50%,0,phone_use,426,497,0.8571428571428571
YOLO11N,Pruned 50%,50%,0,yawning,29,33,0.8787878787878788
YOLO11N,Pruned 50%,50%,1,phone_use,421,497,0.8470824949698189
YOLO11N,Pruned 50%,50%,1,yawning,28,33,0.8484848484848485
YOLO11N,Pruned 50%,50%,2,phone_use,416,497,0.8370221327967807
YOLO11N,Pruned 50%,50%,2,yawning,29,33,0.8787878787878788
YOLO26N,Baseline,0%,0,phone_use,424,497,0.8531187122736419
YOLO26N,Baseline,0%,0,yawning,29,33,0.8787878787878788
YOLO26N,Baseline,0%,1,phone_use,421,497,0.8470824949698189
YOLO26N,Baseline,0%,1,yawning,27,33,0.8181818181818182
YOLO26N,Baseline,0%,2,phone_use,422,497,0.8490945674044266
YOLO26N,Baseline,0%,2,yawning,26,33,0.7878787878787878
YOLO26N,Pruned 10%,10%,0,phone_use,407,497,0.8189134808853119
YOLO26N,Pruned 10%,10%,0,yawning,28,33,0.8484848484848485
YOLO26N,Pruned 10%,10%,1,phone_use,412,497,0.8289738430583501
YOLO26N,Pruned 10%,10%,1,yawning,21,33,0.6363636363636364
YOLO26N,Pruned 10%,10%,2,phone_use,415,497,0.8350100603621731
YOLO26N,Pruned 10%,10%,2,yawning,25,33,0.7575757575757576
YOLO26N,Pruned 20%,20%,0,phone_use,436,497,0.8772635814889336
YOLO26N,Pruned 20%,20%,0,yawning,24,33,0.7272727272727273
YOLO26N,Pruned 20%,20%,1,phone_use,425,497,0.8551307847082495
YOLO26N,Pruned 20%,20%,1,yawning,27,33,0.8181818181818182
YOLO26N,Pruned 20%,20%,2,phone_use,416,497,0.8370221327967807
YOLO26N,Pruned 20%,20%,2,yawning,24,33,0.7272727272727273
YOLO26N,Pruned 30%,30%,0,phone_use,404,497,0.8128772635814889
YOLO26N,Pruned 30%,30%,0,yawning,22,33,0.6666666666666666
YOLO26N,Pruned 30%,30%,1,phone_use,415,497,0.8350100603621731
YOLO26N,Pruned 30%,30%,1,yawning,29,33,0.8787878787878788
YOLO26N,Pruned 30%,30%,2,phone_use,407,497,0.8189134808853119
YOLO26N,Pruned 30%,30%,2,yawning,26,33,0.7878787878787878
YOLO26N,Pruned 40%,40%,0,phone_use,390,497,0.7847082494969819
YOLO26N,Pruned 40%,40%,0,yawning,27,33,0.8181818181818182
YOLO26N,Pruned 40%,40%,1,phone_use,419,497,0.8430583501006036
YOLO26N,Pruned 40%,40%,1,yawning,25,33,0.7575757575757576
YOLO26N,Pruned 40%,40%,2,phone_use,407,497,0.8189134808853119
YOLO26N,Pruned 40%,40%,2,yawning,29,33,0.8787878787878788
YOLO26N,Pruned 50%,50%,0,phone_use,417,497,0.8390342052313883
YOLO26N,Pruned 50%,50%,0,yawning,26,33,0.7878787878787878
YOLO26N,Pruned 50%,50%,1,phone_use,419,497,0.8430583501006036
YOLO26N,Pruned 50%,50%,1,yawning,27,33,0.8181818181818182
YOLO26N,Pruned 50%,50%,2,phone_use,409,497,0.8229376257545271
YOLO26N,Pruned 50%,50%,2,yawning,27,33,0.8181818181818182
